careunit,count
Emergency Department,312500
Medicine,150908
Emergency Department Observation,85815
Nursery - Well Babies,67664
Med/Surg,49926
Medicine/Cardiology,46447
Neurology,41183
Hematology/Oncology,37522
Vascular,32965
Transplant,31529
Neonatal Intensive Care Unit (NICU),29363
Med/Surg/Trauma,28112
Med/Surg/GYN,27993
PACU,26459
Labor & Delivery,24038
Medical Intensive Care Unit (MICU),22314
Surgery/Trauma,20667
Cardiac Surgery,18096
Medical/Surgical Intensive Care Unit (MICU/SICU),17083
Cardiac Vascular Intensive Care Unit (CVICU),16966
Obstetrics (Postpartum & Antepartum),16554
Surgical Intensive Care Unit (SICU),15308
Psychiatry,13971
Trauma SICU (TSICU),12342
Hematology/Oncology Intermediate,12008
Special Care Nursery (SCN),11614
Coronary Care Unit (CCU),11385
Medical/Surgical (Gynecology),10391
Surgery,9575
Surgery/Vascular/Intermediate,9381
Surgery/Pancreatic/Biliary/Bariatric,9157
Medicine/Cardiology Intermediate,7353
Cardiology Surgery Intermediate,4718
Observation,4604
Obstetrics Postpartum,4281
Neuro Intermediate,3715
Thoracic Surgery,3327
Neuro Surgical Intensive Care Unit (Neuro SICU),2488
Cardiology,2456
Neuro Stepdown,1786
Obstetrics Antepartum,1471
Unknown,150
,0