drg_code,count,drg_type,description
640,52072,APR,"MISC DISORDERS OF NUTRITION, METABOLISM, FLUIDS/ELECTROLYTES W MCC"
795,38564,HCFA,NORMAL NEWBORN
194,11783,APR,HEART FAILURE
794,11614,APR,NEONATE W OTHER SIGNIFICANT PROBLEMS
560,10272,APR,"AFTERCARE, MUSCULOSKELETAL SYSTEM & CONNECTIVE TISSUE W CC"
775,8732,APR,ALCOHOL ABUSE & DEPENDENCE
720,8703,APR,SEPTICEMIA & DISSEMINATED INFECTIONS
392,7406,HCFA,"ESOPHAGITIS, GASTROENT & MISC DIGEST DISORDERS W/O MCC"
871,6673,HCFA,SEPTICEMIA OR SEVERE SEPSIS W/O MV >96 HOURS W MCC
885,6151,HCFA,PSYCHOSES
540,5686,APR,CESAREAN DELIVERY
139,5661,APR,OTHER PNEUMONIA
247,5399,APR,INTESTINAL OBSTRUCTION
175,5386,APR,PERCUTANEOUS CORONARY INTERVENTION W/O AMI
254,5222,APR,OTHER DIGESTIVE SYSTEM DIAGNOSES
313,5072,APR,CHEST PAIN
470,4923,APR,CHRONIC KIDNEY DISEASE
463,4918,APR,KIDNEY & URINARY TRACT INFECTIONS
383,4552,APR,CELLULITIS & OTHER SKIN INFECTIONS
201,4488,APR,CARDIAC ARRHYTHMIA & CONDUCTION DISORDERS
045,4147,APR,CVA & PRECEREBRAL OCCLUSION W INFARCT
249,4120,APR,"OTHER GASTROENTERITIS, NAUSEA & VOMITING"
291,4111,HCFA,HEART FAILURE & SHOCK W MCC
282,4006,APR,"ACUTE MYOCARDIA INFARCTION, DISCHARGED ALIVE W/O CC/MCC"
304,3853,APR,DORSAL & LUMBAR FUSION PROC EXCEPT FOR CURVATURE OF BACK
308,3832,APR,CARDIAC ARRHYTHMIA & CONDUCTION DISORDERS W MCC
792,3782,APR,EXTENSIVE OR PROCEDURES FOR OTHER COMPLICATIONS OF TREATMENT
253,3776,APR,OTHER & UNSPECIFIED GASTROINTESTINAL HEMORRHAGE
166,3756,APR,CORONARY BYPASS W/O AMI OR COMPLEX PDX
603,3740,APR,CELLULITIS W/O MCC
690,3651,APR,ACUTE LEUKEMIA
053,3485,APR,SEIZURE
301,3480,APR,HIP JOINT REPLACEMENT
310,3444,APR,CARDIAC ARRHYTHMIA & CONDUCTION DISORDERS W/O CC/MCC
847,3405,HCFA,CHEMOTHERAPY W/O ACUTE LEUKEMIA AS SECONDARY DIAGNOSIS W CC
190,3400,APR,ACUTE MYOCARDIAL INFARCTION
292,3367,HCFA,HEART FAILURE & SHOCK W CC
302,3335,APR,ATHEROSCLEROSIS W MCC
021,3329,APR,CRANIOTOMY EXCEPT FOR TRAUMA
721,3258,APR,"POST-OPERATIVE, POST-TRAUMATIC, OTHER DEVICE INFECTIONS"
191,3190,APR,CARDIAC CATHETERIZATION FOR CORONARY ARTERY DISEASE
683,3156,HCFA,RENAL FAILURE W CC
163,3132,APR,CARDIAC VALVE PROCEDURES W/O AMI OR COMPLEX PDX
174,3119,APR,PERCUTANEOUS CORONARY INTERVENTION W AMI
314,3114,APR,FOOT & TOE PROCEDURES
284,3103,APR,"ACUTE MYOCARDIAL INFARCTION, EXPIRED W CC"
055,3045,APR,HEAD TRAUMA W COMA >1 HR OR HEMORRHAGE
378,2979,HCFA,G.I. HEMORRHAGE W CC
220,2934,APR,CARDIAC VALVE & OTH MAJ CARDIOTHORACIC PROC W/O CARD CATH W CC
812,2923,APR,POISONING OF MEDICINAL AGENTS
197,2907,APR,INTERSTITIAL LUNG DISEASE W CC
140,2906,APR,CHRONIC OBSTRUCTIVE PULMONARY DISEASE
280,2902,APR,"ACUTE MYOCARDIAL INFARCTION, DISCHARGED ALIVE W MCC"
251,2875,APR,ABDOMINAL PAIN
315,2793,APR,OTHER CIRCULATORY SYSTEM DIAGNOSES W CC
347,2775,APR,ANAL & STOMAL PROCEDURES W MCC
321,2741,APR,CERVICAL SPINAL FUSION & OTHER BACK/NECK PROC EXC DISC EXCIS/DECOMP
204,2685,APR,RESPIRATORY SIGNS & SYMPTOMS
751,2675,APR,MAJOR DEPRESSIVE DISORDERS & OTHER/UNSPECIFIED PSYCHOSES
244,2637,APR,DIVERTICULITIS & DIVERTICULOSIS
813,2623,APR,COAGULATION DISORDERS
248,2604,APR,MAJOR GASTROINTESTINAL & PERITONEAL INFECTIONS
287,2586,HCFA,"CIRCULATORY DISORDERS EXCEPT AMI, W CARD CATH W/O MCC"
101,2563,HCFA,SEIZURES W/O MCC
765,2563,HCFA,CESAREAN SECTION W CC/MCC
793,2560,APR,FULL TERM NEONATE W MAJOR PROBLEMS
312,2556,APR,"SKIN GRAFT, EXCEPT HAND, FOR MUSCULOSKELETAL & CONNECTIVE TISSUE DIAGNOSES"
192,2543,APR,CARDIAC CATHETERIZATION FOR OTHER NON-CORONARY CONDITIONS
641,2528,HCFA,"MISC DISORDERS OF NUTRITION, METABOLISM, FLUIDS/ELECTROLYTES W/O MCC"
252,2510,APR,"MALFUNCTION, REACTION & COMPLICATION OF GI DEVICE OR PROCEDURE"
766,2494,HCFA,CESAREAN SECTION W/O CC/MCC
024,2487,APR,CRANIO W MAJOR DEV IMPL/ACUTE COMPLEX CNS PDX W/O MCC
065,2440,HCFA,INTRACRANIAL HEMORRHAGE OR CEREBRAL INFARCTION W CC
420,2415,APR,DIABETES
236,2371,HCFA,CORONARY BYPASS W/O CARDIAC CATH W/O MCC
710,2361,APR,INFECTIOUS & PARASITIC DISEASES INCLUDING HIV W O.R. PROCEDURE
165,2352,APR,CORONARY BYPASS W AMI OR COMPLEX PDX
064,2349,HCFA,INTRACRANIAL HEMORRHAGE OR CEREBRAL INFARCTION W MCC
626,2338,APR,"NEONATE BWT 2000-2499G, NORMAL NEWBORN OR NEONATE W OTHER PROBLEM"
137,2311,APR,MAJOR RESPIRATORY INFECTIONS & INFLAMMATIONS
774,2303,APR,COCAINE ABUSE & DEPENDENCE
193,2275,APR,ACUTE & SUBACUTE ENDOCARDITIS
281,2268,APR,"ACUTE MYOCARDIAL INFARCTION, DISCHARGED ALIVE W CC"
309,2255,APR,CARDIAC ARRHYTHMIA & CONDUCTION DISORDERS W CC
134,2250,APR,"OTHER EAR, NOSE, MOUTH & THROAT O.R. PROCEDURES W/O CC/MCC"
207,2247,APR,OTHER CIRCULATORY SYSTEM DIAGNOSES
466,2246,APR,"MALFUNCTION, REACTION, COMPLIC OF GENITOURINARY DEVICE OR PROC"
330,2223,HCFA,MAJOR SMALL & LARGE BOWEL PROCEDURES W CC
682,2190,HCFA,RENAL FAILURE W MCC
351,2167,APR,INGUINAL & FEMORAL HERNIA PROCEDURES W CC
044,2147,APR,INTRACRANIAL HEMORRHAGE
279,2142,APR,HEPATIC COMA & OTHER MAJOR ACUTE LIVER DISORDERS
861,2136,APR,"SIGNS, SYMPTOMS & OTHER FACTORS INFLUENCING HEALTH STATUS"
660,2078,APR,KIDNEY & URETER PROCEDURES FOR NON-NEOPLASM W CC
639,2049,APR,DIABETES W/O CC/MCC
789,2047,HCFA,"NEONATES, DIED OR TRANSFERRED TO ANOTHER ACUTE CARE FACILITY"
241,2006,APR,AMPUTATION FOR CIRC SYS DISORDERS EXC UPPER LIMB & TOE W/O CC/MCC
552,1992,HCFA,MEDICAL BACK PROBLEMS W/O MCC
753,1990,APR,BIPOLAR DISORDERS
263,1968,APR,CHOLECYSTECTOMY
897,1967,HCFA,ALCOHOL/DRUG ABUSE OR DEPENDENCE W/O REHABILITATION THERAPY W/O MCC
058,1950,APR,MULTIPLE SCLEROSIS & CEREBELLAR ATAXIA W MCC
663,1936,APR,MINOR BLADDER PROCEDURES W CC
951,1932,APR,MODERATELY EXTENSIVE PROCEDURE UNRELATED TO PRINCIPAL DIAGNOSIS
460,1915,HCFA,SPINAL FUSION EXCEPT CERVICAL W/O MCC
121,1892,APR,ACUTE MAJOR EYE INFECTIONS W CC/MCC
442,1892,APR,"DISORDERS OF LIVER EXCEPT MALIG, CIRR, ALC HEPA W CC"
872,1846,HCFA,SEPTICEMIA OR SEVERE SEPSIS W/O MV >96 HOURS W/O MCC
790,1812,HCFA,"EXTREME IMMATURITY OR RESPIRATORY DISTRESS SYNDROME, NEONATE"
245,1788,APR,AICD GENERATOR PROCEDURES
391,1786,HCFA,"ESOPHAGITIS, GASTROENT & MISC DIGEST DISORDERS W MCC"
394,1784,HCFA,OTHER DIGESTIVE SYSTEM DIAGNOSES W CC
203,1767,APR,BRONCHITIS & ASTHMA W/O CC/MCC
054,1752,APR,MIGRAINE & OTHER HEADACHES
853,1729,HCFA,INFECTIOUS & PARASITIC DISEASES W O.R. PROCEDURE W MCC
494,1715,HCFA,"LOWER EXTREM & HUMER PROC EXCEPT HIP, FOOT, FEMUR W/O CC/MCC"
440,1698,APR,DISORDERS OF PANCREAS EXCEPT MALIGNANCY W/O CC/MCC
425,1687,APR,OTHER HEPATOBILIARY OR PANCREAS O.R. PROCEDURES W/O CC/MCC
227,1677,APR,CARDIAC DEFIBRILLATOR IMPLANT W/O CARDIAC CATH W/O MCC
198,1627,APR,ANGINA PECTORIS & CORONARY ATHEROSCLEROSIS
025,1626,HCFA,CRANIOTOMY & ENDOVASCULAR INTRACRANIAL PROCEDURES W MCC
689,1618,HCFA,KIDNEY & URINARY TRACT INFECTIONS W MCC
441,1615,APR,"DISORDERS OF LIVER EXCEPT MALIG, CIRR, ALC HEPA W MCC"
260,1608,APR,CARDIAC PACEMAKER REVISION EXCEPT DEVICE REPLACEMENT W MCC
566,1598,APR,OTHER ANTEPARTUM DIAGNOSES
377,1596,HCFA,G.I. HEMORRHAGE W MCC
246,1585,APR,GASTROINTESTINAL VASCULAR INSUFFICIENCY
143,1578,APR,"OTHER RESPIRATORY DIAGNOSES EXCEPT SIGNS, SYMPTOMS & MINOR DIAGNOSES"
176,1568,APR,CARDIAC PACEMAKER & DEFIBRILLATOR DEVICE REPLACEMENT
264,1559,APR,OTHER CIRCULATORY SYSTEM O.R. PROCEDURES
439,1559,HCFA,DISORDERS OF PANCREAS EXCEPT MALIGNANCY W CC
048,1557,APR,"PERIPHERAL, CRANIAL & AUTONOMIC NERVE DISORDERS"
052,1543,APR,ALTERATION IN CONSCIOUSNESS
283,1539,APR,"ACUTE MYOCARDIAL INFARCTION, EXPIRED W MCC"
243,1529,APR,OTHER ESOPHAGEAL DISORDERS
041,1520,APR,NERVOUS SYSTEM MALIGNANCY
027,1500,HCFA,CRANIOTOMY & ENDOVASCULAR INTRACRANIAL PROCEDURES W/O CC/MCC
950,1489,APR,AFTERCARE W/O CC/MCC
167,1485,APR,OTHER CARDIOTHORACIC & THORACIC VASCULAR PROCEDURES
133,1483,APR,"OTHER EAR, NOSE, MOUTH & THROAT O.R. PROCEDURES W CC/MCC"
473,1480,HCFA,CERVICAL SPINAL FUSION W/O CC/MCC
711,1475,APR,"POST-OP, POST-TRAUMA, OTHER DEVICE INFECTIONS W O.R. PROCEDURE"
468,1470,APR,"OTHER KIDNEY & URINARY TRACT DIAGNOSES, SIGNS & SYMPTOMS"
343,1465,APR,APPENDECTOMY W/O COMPLICATED PRINCIPAL DIAG W/O CC/MCC
120,1451,APR,MAJOR RESPIRATORY & CHEST PROCEDURES
004,1448,APR,"TRACH W MV >96 HRS OR PDX EXC FACE, MOUTH & NECK W/O MAJ O.R."
240,1440,APR,AMPUTATION FOR CIRC SYS DISORDERS EXC UPPER LIMB & TOE W CC
444,1440,APR,DISORDERS OF THE BILIARY TRACT W MCC
750,1434,APR,OTHER FEMALE REPRODUCTIVE SYSTEM O.R. PROCEDURES W/O CC/MCC
445,1416,APR,DISORDERS OF THE BILIARY TRACT W CC
863,1408,APR,NEONATAL AFTERCARE
422,1404,APR,HEPATOBILIARY DIAGNOSTIC PROCEDURES W/O CC/MCC
481,1389,HCFA,HIP & FEMUR PROCEDURES EXCEPT MAJOR JOINT W CC
177,1380,APR,CARDIAC PACEMAKER & DEFIBRILLATOR REVISION EXCEPT DEVICE REPLACEMENT
404,1365,APR,"THYROID, PARATHYROID & THYROGLOSSAL PROCEDURES"
208,1353,HCFA,RESPIRATORY SYSTEM DIAGNOSIS W VENTILATOR SUPPORT <=96 HOURS
144,1343,APR,"RESPIRATORY SIGNS, SYMPTOMS & MINOR DIAGNOSES"
469,1330,APR,ACUTE KIDNEY INJURY
621,1313,APR,NEONATE BWT 2000-2499G W MAJOR ANOMALY
206,1309,APR,"MALFUNCTION,REACTION,COMPLICATION OF CARDIAC/VASC DEVICE OR PROCEDURE"
638,1301,HCFA,DIABETES W CC
171,1299,APR,"PERM CARDIAC PACEMAKER IMPLANT W/O AMI, HEART FAILURE OR SHOCK"
633,1295,APR,NEONATE BIRTHWT >2499G W MAJOR ANOMALY
443,1291,APR,"DISORDERS OF LIVER EXCEPT MALIG, CIRR, ALC HEPA W/O CC/MCC"
948,1291,HCFA,SIGNS & SYMPTOMS W/O MCC
300,1290,HCFA,PERIPHERAL VASCULAR DISORDERS W CC
113,1278,APR,INFECTIONS OF UPPER RESPIRATORY TRACT
581,1276,APR,"NEONATE, TRANSFERRED < 5 DAYS OLD, BORN HERE"
305,1275,APR,AMPUTATION OF LOWER LIMB EXCEPT TOES
781,1273,HCFA,OTHER ANTEPARTUM DIAGNOSES W MEDICAL COMPLICATIONS
691,1266,APR,"LYMPHOMA, MYELOMA & NON-ACUTE LEUKEMIA"
066,1252,HCFA,INTRACRANIAL HEMORRHAGE OR CEREBRAL INFARCTION W/O CC/MCC
092,1244,APR,FACIAL BONE PROCEDURES EXCEPT MAJOR CRANIAL/FACIAL BONE PROCEDURES
331,1244,HCFA,MAJOR SMALL & LARGE BOWEL PROCEDURES W/O CC/MCC
023,1241,APR,CRANIO W MAJOR DEV IMPL/ACUTE COMPLEX CNS PDX W MCC OR CHEMO IMPLANT
446,1234,APR,DISORDERS OF THE BILIARY TRACT W/O CC/MCC
403,1219,APR,PROCEDURES FOR OBESITY
026,1214,APR,CRANIOTOMY & ENDOVASCULAR INTRACRANIAL PROCEDURES W CC
696,1200,APR,KIDNEY & URINARY TRACT SIGNS & SYMPTOMS W/O MCC
136,1195,APR,RESPIRATORY MALIGNANCY
699,1180,HCFA,OTHER KIDNEY & URINARY TRACT DIAGNOSES W CC
791,1169,HCFA,PREMATURITY W MAJOR PROBLEMS
329,1167,HCFA,MAJOR SMALL & LARGE BOWEL PROCEDURES W MCC
627,1162,HCFA,"THYROID, PARATHYROID & THYROGLOSSAL PROCEDURES W/O CC/MCC"
920,1156,HCFA,COMPLICATIONS OF TREATMENT W CC
743,1154,HCFA,UTERINE & ADNEXA PROC FOR NON-MALIGNANCY W/O CC/MCC
074,1151,HCFA,CRANIAL & PERIPHERAL NERVE DISORDERS W/O MCC
229,1147,APR,OTHER CARDIOTHORACIC PROCEDURES W CC
393,1146,HCFA,OTHER DIGESTIVE SYSTEM DIAGNOSES W MCC
181,1144,APR,LOWER EXTREMITY ARTERIAL PROCEDURES
482,1141,APR,HIP & FEMUR PROCEDURES EXCEPT MAJOR JOINT W/O CC/MCC
223,1140,APR,CARDIAC DEFIB IMPLANT W CARDIAC CATH W AMI/HF/SHOCK W/O MCC
519,1120,APR,BACK & NECK PROC EXC SPINAL FUSION W CC
491,1115,HCFA,BACK & NECK PROC EXC SPINAL FUSION W/O CC/MCC
698,1115,HCFA,OTHER KIDNEY & URINARY TRACT DIAGNOSES W MCC
286,1113,HCFA,"CIRCULATORY DISORDERS EXCEPT AMI, W CARD CATH W MCC"
362,1104,APR,MASTECTOMY PROCEDURES
003,1103,HCFA,"ECMO OR TRACH W MV >96 HRS OR PDX EXC FACE, MOUTH & NECK W MAJ O.R."
432,1086,HCFA,CIRRHOSIS & ALCOHOLIC HEPATITIS W MCC
372,1085,HCFA,MAJOR GASTROINTESTINAL DISORDERS & PERITONEAL INFECTIONS W CC
722,1085,APR,FEVER
480,1083,APR,HIP & FEMUR PROCEDURES EXCEPT MAJOR JOINT W MCC
917,1080,HCFA,POISONING & TOXIC EFFECTS OF DRUGS W MCC
057,1078,APR,"CONCUSSION, CLOSED SKULL FX NOS,UNCOMPLICATED INTRACRANIAL INJURY, COMA < 1 HR OR NO COMA"
602,1075,APR,CELLULITIS W MCC
864,1075,HCFA,FEVER
385,1055,APR,INFLAMMATORY BOWEL DISEASE W MCC
424,1048,APR,OTHER ENDOCRINE DISORDERS
389,1043,HCFA,G.I. OBSTRUCTION W CC
981,1042,HCFA,EXTENSIVE O.R. PROCEDURE UNRELATED TO PRINCIPAL DIAGNOSIS W MCC
135,1040,APR,MAJOR CHEST & RESPIRATORY TRAUMA
809,1034,HCFA,MAJOR HEMATOL/IMMUN DIAG EXC SICKLE CELL CRISIS & COAGUL W CC
219,1022,HCFA,CARDIAC VALVE & OTH MAJ CARDIOTHORACIC PROC W/O CARD CATH W MCC
320,1022,APR,OTHER ENDOVASCULAR CARDIAC VALVE PROCEDURES W/O MCC
390,1021,HCFA,G.I. OBSTRUCTION W/O CC/MCC
614,1010,APR,ADRENAL & PITUITARY PROCEDURES W CC/MCC
435,1008,HCFA,MALIGNANCY OF HEPATOBILIARY SYSTEM OR PANCREAS W MCC
862,1005,APR,OTHER AFTERCARE & CONVALESCENCE
513,1003,APR,"HAND OR WRIST PROC, EXCEPT MAJOR THUMB OR JOINT PROC W CC/MCC"
042,987,APR,DEGENERATIVE NERVOUS SYSTEM DISORDERS EXC MULT SCLEROSIS
162,987,APR,CARDIAC VALVE PROCEDURES W AMI OR COMPLEX PDX
234,986,APR,APPENDECTOMY WITHOUT COMPLEX PRINCIPAL DIAGNOSIS
180,979,APR,OTHER CIRCULATORY SYSTEM PROCEDURES
918,977,HCFA,POISONING & TOXIC EFFECTS OF DRUGS W/O MCC
141,964,APR,ASTHMA
438,962,HCFA,DISORDERS OF PANCREAS EXCEPT MALIGNANCY W MCC
293,954,HCFA,HEART FAILURE & SHOCK W/O CC/MCC
342,949,APR,APPENDECTOMY W/O COMPLICATED PRINCIPAL DIAG W CC
754,949,APR,DEPRESSION EXCEPT MAJOR DEPRESSIVE DISORDER
694,947,APR,LYMPHATIC & OTHER MALIGNANCIES & NEOPLASMS OF UNCERTAIN BEHAVIOR
419,944,HCFA,LAPAROSCOPIC CHOLECYSTECTOMY W/O C.D.E. W/O CC/MCC
724,936,APR,OTHER INFECTIOUS & PARASITIC DISEASES
563,933,APR,"FX, SPRN, STRN & DISL EXCEPT FEMUR, HIP, PELVIS & THIGH W/O MCC"
202,924,HCFA,BRONCHITIS & ASTHMA W CC/MCC
346,917,APR,CONNECTIVE TISSUE DISORDERS
161,913,APR,CARDIAC DEFIBRILLATOR & HEART ASSIST IMPLANT
100,910,HCFA,SEIZURES W MCC
364,908,APR,"OTHER SKIN, SUBCUTANEOUS TISSUE & RELATED PROCEDURES"
386,897,HCFA,INFLAMMATORY BOWEL DISEASE W CC
881,894,HCFA,DEPRESSIVE NEUROSES
454,889,HCFA,COMBINED ANTERIOR/POSTERIOR SPINAL FUSION W CC
811,889,APR,ALLERGIC REACTIONS
316,888,APR,HAND & WRIST PROCEDURES
164,887,HCFA,MAJOR CHEST PROCEDURES W CC
087,864,HCFA,"TRAUMATIC STUPOR & COMA, COMA <1 HR W/O CC/MCC"
493,855,HCFA,"LOWER EXTREM & HUMER PROC EXCEPT HIP, FOOT, FEMUR W CC"
776,853,APR,OTHER DRUG ABUSE & DEPENDENCE
912,844,APR,MUSCULOSKELETAL & OTHER PROCEDURES FOR MULTIPLE SIGNIFICANT TRAUMA
199,842,APR,HYPERTENSION
919,840,HCFA,COMPLICATIONS OF TREATMENT W MCC
384,826,APR,"CONTUSION, OPEN WOUND & OTHER TRAUMA TO SKIN & SUBCUTANEOUS TISSUE"
153,821,HCFA,OTITIS MEDIA & URI W/O MCC
433,818,HCFA,CIRRHOSIS & ALCOHOLIC HEPATITIS W CC
607,814,APR,MINOR SKIN DISORDERS W/O MCC
195,812,HCFA,SIMPLE PNEUMONIA & PLEURISY W/O CC/MCC
661,806,APR,COAGULATION & PLATELET DISORDERS
086,805,HCFA,"TRAUMATIC STUPOR & COMA, COMA <1 HR W CC"
371,804,HCFA,MAJOR GASTROINTESTINAL DISORDERS & PERITONEAL INFECTIONS W MCC
103,801,HCFA,HEADACHES W/O MCC
169,793,APR,MAJOR ABDOMINAL VASCULAR PROCEDURES
952,781,APR,NONEXTENSIVE PROCEDURE UNRELATED TO PRINCIPAL DIAGNOSIS
238,780,HCFA,MAJOR CARDIOVASC PROCEDURES W/O MCC
723,780,APR,"MALIGNANCY, MALE REPRODUCTIVE SYSTEM W CC"
242,774,APR,MAJOR ESOPHAGEAL DISORDERS
870,769,HCFA,SEPTICEMIA OR SEVERE SEPSIS W MV >96 HOURS
625,763,APR,NEONATE BWT 2000-2499G W OTHER SIGNIFICANT CONDITION
189,754,HCFA,PULMONARY EDEMA & RESPIRATORY FAILURE
261,747,APR,CARDIAC PACEMAKER REVISION EXCEPT DEVICE REPLACEMENT W CC
178,744,HCFA,RESPIRATORY INFECTIONS & INFLAMMATIONS W CC
020,743,APR,CRANIOTOMY FOR TRAUMA
115,738,APR,EXTRAOCULAR PROCEDURES EXCEPT ORBIT
299,738,HCFA,PERIPHERAL VASCULAR DISORDERS W MCC
930,737,APR,MULTIPLE SIGNIFICANT TRAUMA W/O O.R. PROCEDURE
395,732,HCFA,OTHER DIGESTIVE SYSTEM DIAGNOSES W/O CC/MCC
317,725,APR,"TENDON, MUSCLE & OTHER SOFT TISSUE PROCEDURES"
005,724,APR,LIVER TRANSPLANT W MCC OR INTESTINAL TRANSPLANT
200,723,APR,CARDIAC STRUCTURAL & VALVULAR DISORDERS
091,721,APR,OTHER DISORDERS OF NERVOUS SYSTEM W MCC
637,720,HCFA,DIABETES W MCC
405,716,APR,"OTHER PROCEDURES FOR ENDOCRINE, NUTRITIONAL & METABOLIC DISORDERS"
512,701,APR,"SHOULDER, ELBOW OR FOREARM PROC, EXC MAJOR JOINT PROC W/O CC/MCC"
857,699,HCFA,POSTOPERATIVE OR POST-TRAUMATIC INFECTIONS W O.R. PROC W CC
216,698,HCFA,CARDIAC VALVE & OTH MAJ CARDIOTHORACIC PROC W CARD CATH W MCC
082,692,APR,EYE INFECTIONS AND OTHER EYE DISORDERS
303,691,APR,ATHEROSCLEROSIS W/O MCC
681,688,APR,OTHER O.R. PROCEDURES FOR LYMPHATIC/HEMATOPOIETIC/OTHER NEOPLASMS
501,683,APR,MALE REPRODUCTIVE SYSTEM DIAGNOSES EXCEPT MALIGNANCY
406,678,HCFA,"PANCREAS, LIVER & SHUNT PROCEDURES W CC"
465,677,APR,URINARY STONES & ACQUIRED UPPER URINARY TRACT OBSTRUCTION
421,676,APR,HEPATOBILIARY DIAGNOSTIC PROCEDURES W CC
472,672,HCFA,CERVICAL SPINAL FUSION W CC
561,666,APR,"AFTERCARE, MUSCULOSKELETAL SYSTEM & CONNECTIVE TISSUE W/O CC/MCC"
634,660,APR,"NEONATE, BIRTHWT >2499G W RESP DIST SYND/OTH MAJ RESP COND"
130,657,APR,MAJOR HEAD & NECK PROCEDURES W/O CC/MCC
349,657,APR,ANAL & STOMAL PROCEDURES W/O CC/MCC
344,648,APR,MINOR SMALL & LARGE BOWEL PROCEDURES W MCC
455,647,HCFA,COMBINED ANTERIOR/POSTERIOR SPINAL FUSION W/O CC/MCC
418,644,HCFA,LAPAROSCOPIC CHOLECYSTECTOMY W/O C.D.E. W CC
807,641,HCFA,VAGINAL DELIVERY W/O STERILIZATION/D&C W/O CC/MCC
380,640,APR,COMPLICATED PEPTIC ULCER W MCC
056,639,APR,"BRAIN CONTUSION/LACERATION & COMPLICATED SKULL FX, COMA < 1 HR OR NO COMA"
982,637,HCFA,EXTENSIVE O.R. PROCEDURE UNRELATED TO PRINCIPAL DIAGNOSIS W CC
363,634,APR,BREAST PROCEDURES EXCEPT MASTECTOMY
375,634,HCFA,DIGESTIVE MALIGNANCY W CC
908,631,HCFA,OTHER O.R. PROCEDURES FOR INJURIES W CC
111,630,APR,VERTIGO & OTHER LABYRINTH DISORDERS
228,630,APR,"INGUINAL, FEMORAL & UMBILICAL HERNIA PROCEDURES"
149,623,HCFA,DYSEQUILIBRIUM
447,623,APR,"OTHER KIDNEY, URINARY TRACT & RELATED PROCEDURES"
069,618,HCFA,TRANSIENT ISCHEMIA
047,617,APR,TRANSIENT ISCHEMIA
217,605,HCFA,CARDIAC VALVE & OTH MAJ CARDIOTHORACIC PROC W CARD CATH W CC
580,595,APR,"NEONATE, TRANSFERRED <5 DAYS OLD, NOT BORN HERE"
841,592,HCFA,LYMPHOMA & NON-ACUTE LEUKEMIA W CC
085,586,HCFA,"TRAUMATIC STUPOR & COMA, COMA <1 HR W MCC"
237,576,HCFA,MAJOR CARDIOVASC PROCEDURES W MCC
846,574,HCFA,CHEMOTHERAPY W/O ACUTE LEUKEMIA AS SECONDARY DIAGNOSIS W MCC
327,570,HCFA,"STOMACH, ESOPHAGEAL & DUODENAL PROC W CC"
866,569,HCFA,VIRAL ILLNESS W/O MCC
840,567,HCFA,LYMPHOMA & NON-ACUTE LEUKEMIA W MCC
355,555,HCFA,HERNIA PROCEDURES EXCEPT INGUINAL & FEMORAL W/O CC/MCC
652,550,HCFA,KIDNEY TRANSPLANT
850,549,APR,"PROCEDURE W DIAG OF REHAB, AFTERCARE OR OTH CONTACT W HEALTH SERVICE"
896,547,HCFA,ALCOHOL/DRUG ABUSE OR DEPENDENCE W/O REHABILITATION THERAPY W MCC
816,544,APR,RETICULOENDOTHELIAL & IMMUNITY DISORDERS W/O CC/MCC
742,541,HCFA,UTERINE & ADNEXA PROC FOR NON-MALIGNANCY W CC/MCC
556,540,HCFA,SIGNS & SYMPTOMS OF MUSCULOSKELETAL SYSTEM & CONN TISSUE W/O MCC
224,536,APR,CARDIAC DEFIB IMPLANT W CARDIAC CATH W/O AMI/HF/SHOCK W MCC
894,536,APR,"ALCOHOL/DRUG ABUSE OR DEPENDENCE, LEFT AMA"
543,531,HCFA,PATHOLOGICAL FRACTURES & MUSCULOSKELET & CONN TISS MALIG W CC
374,527,HCFA,DIGESTIVE MALIGNANCY W MCC
039,521,HCFA,EXTRACRANIAL PROCEDURES W/O CC/MCC
755,521,APR,ADJUSTMENT DISORDERS & NEUROSES EXCEPT DEPRESSIVE DIAGNOSES
098,520,APR,NON-BACTERIAL INFECT OF NERVOUS SYS EXC VIRAL MENINGITIS W CC
387,517,HCFA,INFLAMMATORY BOWEL DISEASE W/O CC/MCC
093,509,HCFA,OTHER DISORDERS OF NERVOUS SYSTEM W/O CC/MCC
326,508,HCFA,"STOMACH, ESOPHAGEAL & DUODENAL PROC W MCC"
114,504,APR,DENTAL DISEASES AND DISORDERS
684,504,HCFA,RENAL FAILURE W/O CC/MCC
328,501,HCFA,"STOMACH, ESOPHAGEAL & DUODENAL PROC W/O CC/MCC"
551,498,HCFA,MEDICAL BACK PROBLEMS W MCC
043,497,APR,MULTIPLE SCLEROSIS & OTHER DEMYELINATING DISEASES
354,490,HCFA,HERNIA PROCEDURES EXCEPT INGUINAL & FEMORAL W CC
605,487,HCFA,"TRAUMA TO THE SKIN, SUBCUT TISS & BREAST W/O MCC"
379,486,HCFA,G.I. HEMORRHAGE W/O CC/MCC
517,476,APR,DILATION & CURETTAGE FOR NON-OBSTETRIC DIAGNOSES
892,475,APR,HIV W MAJOR HIV RELATED CONDITION
226,474,APR,ANAL PROCEDURES
907,474,HCFA,OTHER O.R. PROCEDURES FOR INJURIES W MCC
235,469,HCFA,CORONARY BYPASS W/O CARDIAC CATH W MCC
612,468,APR,NEONATE BWT 1500-1999G W RESP DIST SYND/OTH MAJ RESP COND
336,467,HCFA,PERITONEAL ADHESIOLYSIS W CC
756,461,APR,ACUTE ANXIETY & DELIRIUM STATES
464,459,HCFA,"WND DEBRID & SKN GRFT EXC HAND, FOR MUSCULO-CONN TISS DIS W CC"
511,455,APR,"SHOULDER, ELBOW OR FOREARM PROC, EXC MAJOR JOINT PROC W CC"
880,454,HCFA,ACUTE ADJUSTMENT REACTION & PSYCHOSOCIAL DYSFUNCTION
073,450,APR,CRANIAL & PERIPHERAL NERVE DISORDERS W MCC
773,449,APR,OPIOID ABUSE & DEPENDENCE
680,446,APR,MAJOR O.R. PROCEDURES FOR LYMPHATIC/HEMATOPOIETIC/OTHER NEOPLASMS
856,440,HCFA,POSTOPERATIVE OR POST-TRAUMATIC INFECTIONS W O.R. PROC W MCC
373,439,HCFA,MAJOR GASTROINTESTINAL DISORDERS & PERITONEAL INFECTIONS W/O CC/MCC
222,438,APR,CARDIAC DEFIB IMPLANT W CARDIAC CATH W AMI/HF/SHOCK W MCC
250,436,HCFA,PERC CARDIOVASC PROC W/O CORONARY ARTERY STENT OR AMI W MCC
221,433,HCFA,CARDIAC VALVE & OTH MAJ CARDIOTHORACIC PROC W/O CARD CATH W/O CC/MCC
436,430,HCFA,MALIGNANCY OF HEPATOBILIARY SYSTEM OR PANCREAS W CC
622,430,APR,NEONATE BWT 2000-2499G W RESP DIST SYND/OTH MAJ RESP COND
837,420,HCFA,CHEMO W ACUTE LEUKEMIA AS SDX OR W HIGH DOSE CHEMO AGENT W MCC
644,418,HCFA,ENDOCRINE DISORDERS W CC
770,416,APR,"ABORTION W D&C, ASPIRATION CURETTAGE OR HYSTEROTOMY"
541,415,APR,OSTEOMYELITIS W/O CC/MCC
182,414,APR,OTHER PERIPHERAL VASCULAR PROCEDURES
558,414,HCFA,"TENDONITIS, MYOSITIS & BURSITIS W/O MCC"
361,413,APR,SKIN GRAFT FOR SKIN & SUBCUTANEOUS TISSUE DIAGNOSES
882,411,HCFA,NEUROSES EXCEPT DEPRESSIVE
554,407,HCFA,BONE DISEASES & ARTHROPATHIES W/O MCC
759,407,APR,EATING DISORDERS
040,405,APR,PERIPH/CRANIAL NERVE & OTHER NERV SYST PROC W MCC
142,405,APR,INTERSTITIAL & ALVEOLAR LUNG DISEASES
001,404,APR,HEART TRANSPLANT OR IMPLANT OF HEART ASSIST SYSTEM W MCC
585,403,HCFA,"BREAST BIOPSY, LOCAL EXCISION & OTHER BREAST PROCEDURES W/O CC/MCC"
921,400,HCFA,COMPLICATIONS OF TREATMENT W/O CC/MCC
838,395,HCFA,CHEMO W ACUTE LEUKEMIA AS SDX W CC OR HIGH DOSE CHEMO AGENT
233,393,APR,APPENDECTOMY WITH COMPLEX PRINCIPAL DIAGNOSIS
267,390,HCFA,ENDOVASCULAR CARDIAC VALVE REPLACEMENT & SUPPLEMENT PROCEDURES W/O MCC
381,388,APR,COMPLICATED PEPTIC ULCER W CC
022,384,APR,INTRACRANIAL VASCULAR PROCEDURES W PDX HEMORRHAGE W/O CC/MCC
516,384,HCFA,OTHER MUSCULOSKELET SYS & CONN TISS O.R. PROC W CC
520,384,HCFA,BACK & NECK PROC EXC SPINAL FUSION W/O CC/MCC
834,380,HCFA,ACUTE LEUKEMIA W/O MAJOR O.R. PROCEDURE W MCC
542,379,APR,PATHOLOGICAL FRACTURES & MUSCULOSKELET & CONN TISS MALIG W MCC
708,374,HCFA,MAJOR MALE PELVIC PROCEDURES W/O CC/MCC
964,374,HCFA,OTHER MULTIPLE SIGNIFICANT TRAUMA W CC
388,373,HCFA,G.I. OBSTRUCTION W MCC
593,370,APR,NEONATE BIRTHWT 750-999G W/O MAJOR PROCEDURE
988,367,HCFA,NON-EXTENSIVE O.R. PROC UNRELATED TO PRINCIPAL DIAGNOSIS W CC
629,364,HCFA,"OTHER ENDOCRINE, NUTRIT & METAB O.R. PROC W CC"
890,364,APR,HIV W MULTIPLE MAJOR HIV RELATED CONDITIONS
478,363,HCFA,BIOPSIES OF MUSCULOSKELETAL SYSTEM & CONNECTIVE TISSUE W CC
490,363,HCFA,BACK & NECK PROC EXC SPINAL FUSION W CC/MCC OR DISC DEVICE/NEUROSTIM
808,363,HCFA,MAJOR HEMATOL/IMMUN DIAG EXC SICKLE CELL CRISIS & COAGUL W MCC
883,363,HCFA,DISORDERS OF PERSONALITY & IMPULSE CONTROL
050,362,APR,NON-BACTERIAL INFECTIONS OF NERVOUS SYSTEM EXC VIRAL MENINGITIS
987,362,HCFA,NON-EXTENSIVE O.R. PROC UNRELATED TO PRINCIPAL DIAGNOSIS W MCC
545,361,APR,CONNECTIVE TISSUE DISORDERS W MCC
184,356,HCFA,MAJOR CHEST TRAUMA W CC
546,356,APR,CONNECTIVE TISSUE DISORDERS W CC
341,353,APR,APPENDECTOMY W/O COMPLICATED PRINCIPAL DIAG W MCC
947,353,HCFA,SIGNS & SYMPTOMS W MCC
417,350,HCFA,LAPAROSCOPIC CHOLECYSTECTOMY W/O C.D.E. W MCC
884,349,HCFA,ORGANIC DISTURBANCES & INTELLECTUAL DISABILITY
196,346,APR,CARDIAC ARREST & SHOCK
767,342,HCFA,VAGINAL DELIVERY W STERILIZATION &/OR D&C
502,341,HCFA,SOFT TISSUE PROCEDURES W/O CC/MCC
356,340,HCFA,OTHER DIGESTIVE SYSTEM O.R. PROCEDURES W MCC
643,336,HCFA,ENDOCRINE DISORDERS W MCC
536,333,HCFA,FRACTURES OF HIP & PELVIS W/O MCC
757,332,APR,"INFECTIONS, FEMALE REPRODUCTIVE SYSTEM W MCC"
357,328,HCFA,OTHER DIGESTIVE SYSTEM O.R. PROCEDURES W CC
051,327,APR,VIRAL MENINGITIS
070,327,HCFA,NONSPECIFIC CEREBROVASCULAR DISORDERS W MCC
483,325,APR,MAJOR JOINT & LIMB REATTACHMENT PROC OF UPPER EXTREMITY W CC/MCC
532,323,APR,MENSTRUAL & OTHER FEMALE REPRODUCTIVE SYSTEM DISORDERS
815,316,APR,"OTHER INJURY, POISONING & TOXIC EFFECT DIAGNOSES"
340,314,APR,APPENDECTOMY W COMPLICATED PRINCIPAL DIAG W/O CC/MCC
956,313,HCFA,"LIMB REATTACHMENT, HIP & FEMUR PROC FOR MULTIPLE SIGNIFICANT TRAUMA"
270,310,HCFA,OTHER MAJOR CARDIOVASCULAR PROCEDURES W MCC
714,309,HCFA,TRANSURETHRAL PROSTATECTOMY W/O CC/MCC
205,308,APR,CARDIOMYOPATHY
974,308,HCFA,HIV W MAJOR RELATED CONDITION W MCC
544,307,APR,"D&C, ASPIRATION CURETTAGE OR HYSTEROTOMY FOR OBSTETRIC DIAGNOSES"
975,306,HCFA,HIV W MAJOR RELATED CONDITION W CC
514,305,APR,FEMALE REPRODUCTIVE SYSTEM RECONSTRUCTIVE PROCEDURES
662,299,APR,MINOR BLADDER PROCEDURES W MCC
187,293,HCFA,PLEURAL EFFUSION W CC
673,293,HCFA,OTHER KIDNEY & URINARY TRACT PROCEDURES W MCC
760,292,APR,MENSTRUAL & OTHER FEMALE REPRODUCTIVE SYSTEM DISORDERS W CC/MCC
337,291,HCFA,PERITONEAL ADHESIOLYSIS W/O CC/MCC
049,289,APR,BACTERIAL & TUBERCULOUS INFECTIONS OF NERVOUS SYSTEM
518,288,APR,BACK & NECK PROC EXC SPINAL FUSION W MCC OR DISC DEVICE/NEUROSTIM
658,288,HCFA,KIDNEY & URETER PROCEDURES FOR NEOPLASM W/O CC/MCC
497,287,HCFA,LOCAL EXCISION & REMOVAL INT FIX DEVICES EXC HIP & FEMUR W/O CC/MCC
496,286,HCFA,LOCAL EXCISION & REMOVAL INT FIX DEVICES EXC HIP & FEMUR W CC
531,286,APR,FEMALE REPRODUCTIVE SYSTEM INFECTIONS
583,286,HCFA,MASTECTOMY FOR MALIGNANCY W/O CC/MCC
029,283,HCFA,SPINAL PROCEDURES W CC OR SPINAL NEUROSTIMULATORS
617,281,HCFA,"AMPUTAT OF LOWER LIMB FOR ENDOCRINE, NUTRIT, & METABOL DIS W CC"
467,278,HCFA,REVISION OF HIP OR KNEE REPLACEMENT W CC
958,275,HCFA,OTHER O.R. PROCEDURES FOR MULTIPLE SIGNIFICANT TRAUMA W CC
854,274,HCFA,INFECTIOUS & PARASITIC DISEASES W O.R. PROCEDURE W CC
909,270,HCFA,OTHER O.R. PROCEDURES FOR INJURIES W/O CC/MCC
038,269,HCFA,EXTRACRANIAL PROCEDURES W CC
266,268,HCFA,ENDOVASCULAR CARDIAC VALVE REPLACEMENT & SUPPLEMENT PROCEDURES W MCC
839,268,HCFA,CHEMO W ACUTE LEUKEMIA AS SDX W/O CC/MCC
657,267,HCFA,KIDNEY & URETER PROCEDURES FOR NEOPLASM W CC
071,266,HCFA,NONSPECIFIC CEREBROVASCULAR DISORDERS W CC
565,265,APR,FALSE LABOR
060,261,HCFA,MULTIPLE SCLEROSIS & CEREBELLAR ATAXIA W/O CC/MCC
401,260,APR,ADRENAL PROCEDURES
407,260,HCFA,"PANCREAS, LIVER & SHUNT PROCEDURES W/O CC/MCC"
778,255,HCFA,THREATENED ABORTION
867,255,HCFA,OTHER INFECTIOUS & PARASITIC DISEASES DIAGNOSES W MCC
186,252,HCFA,PLEURAL EFFUSION W MCC
239,251,HCFA,AMPUTATION FOR CIRC SYS DISORDERS EXC UPPER LIMB & TOE W MCC
152,247,HCFA,OTITIS MEDIA & URI W MCC
620,247,HCFA,O.R. PROCEDURES FOR OBESITY W CC
084,246,HCFA,"TRAUMATIC STUPOR & COMA, COMA >1 HR W/O CC/MCC"
788,246,HCFA,CESAREAN SECTION W/O STERILIZATION W/O CC/MCC
957,245,HCFA,OTHER O.R. PROCEDURES FOR MULTIPLE SIGNIFICANT TRAUMA W MCC
415,244,HCFA,CHOLECYSTECTOMY EXCEPT BY LAPAROSCOPE W/O C.D.E. W CC
842,243,APR,BURNS WITH SKIN GRAFT EXCEPT EXTENSIVE 3RD DEGREE BURNS
083,242,HCFA,"TRAUMATIC STUPOR & COMA, COMA >1 HR W CC"
489,239,HCFA,KNEE PROCEDURES W/O PDX OF INFECTION W/O CC/MCC
274,238,HCFA,PERCUTANEOUS INTRACARDIAC PROCEDURES W/O MCC
269,237,HCFA,AORTIC AND HEART ASSIST PROCEDURES EXCEPT PULSATION BALLOON W/O MCC
728,236,HCFA,INFLAMMATION OF THE MALE REPRODUCTIVE SYSTEM W/O MCC
089,234,APR,CONCUSSION W CC
740,234,APR,MENTAL ILLNESS DIAGNOSIS W O.R. PROCEDURE
492,233,HCFA,"LOWER EXTREM & HUMER PROC EXCEPT HIP, FOOT, FEMUR W MCC"
046,231,APR,NONSPECIFIC CVA & PRECEREBRAL OCCLUSION W/O INFARCT
345,231,HCFA,MINOR SMALL & LARGE BOWEL PROCEDURES W CC
669,231,HCFA,TRANSURETHRAL PROCEDURES W CC
977,228,HCFA,HIV W OR W/O OTHER RELATED CONDITION
123,227,HCFA,NEUROLOGICAL EYE DISORDERS
158,225,HCFA,DENTAL & ORAL DISEASES W CC
125,224,HCFA,OTHER DISORDERS OF THE EYE W/O MCC
453,222,HCFA,COMBINED ANTERIOR/POSTERIOR SPINAL FUSION W MCC
623,222,APR,NEONATE BWT 2000-2499G W CONGENITAL/PERINATAL INFECTION
271,220,HCFA,OTHER MAJOR CARDIOVASCULAR PROCEDURES W CC
700,216,HCFA,OTHER KIDNEY & URINARY TRACT DIAGNOSES W/O CC/MCC
016,215,HCFA,AUTOLOGOUS BONE MARROW TRANSPLANT  W CC/MCC OR T-CELL IMMUNOTHERAPY
868,215,HCFA,OTHER INFECTIOUS & PARASITIC DISEASES DIAGNOSES W CC
737,214,HCFA,UTERINE & ADNEXA PROC FOR OVARIAN OR ADNEXAL MALIGNANCY W CC
014,213,HCFA,ALLOGENEIC BONE MARROW TRANSPLANT
155,211,HCFA,NASAL TRAUMA & DEFORMITY W CC
484,211,APR,MAJOR JOINT & LIMB REATTACHMENT PROC OF UPPER EXTREMITY W/O CC/MCC
076,208,HCFA,VIRAL MENINGITIS W/O CC/MCC
865,207,HCFA,VIRAL ILLNESS W MCC
423,206,APR,INBORN ERRORS OF METABOLISM
674,206,HCFA,OTHER KIDNEY & URINARY TRACT PROCEDURES W CC
131,205,APR,CRANIAL/FACIAL PROCEDURES W CC/MCC
348,204,HCFA,ANAL & STOMAL PROCEDURES W CC
916,203,HCFA,ALLERGIC REACTIONS W/O MCC
168,202,HCFA,OTHER RESP SYSTEM O.R. PROCEDURES W/O CC/MCC
505,202,HCFA,FOOT PROCEDURES W/O CC/MCC
582,201,HCFA,MASTECTOMY FOR MALIGNANCY W CC/MCC
408,196,HCFA,BILIARY TRACT PROC EXCEPT ONLY CHOLECYST W OR W/O C.D.E. W MCC
562,196,HCFA,"FX, SPRN, STRN & DISL EXCEPT FEMUR, HIP, PELVIS & THIGH W MCC"
695,195,APR,CHEMOTHERAPY FOR ACUTE LEUKEMIA
835,195,HCFA,ACUTE LEUKEMIA W/O MAJOR O.R. PROCEDURE W CC
457,194,HCFA,SPINAL FUS EXC CERV W SPINAL CURV/MALIG/INFEC OR 9+ FUS W CC
591,194,APR,NEONATE BIRTHWT 500-749G W/O MAJOR PROCEDURE
611,194,APR,NEONATE BIRTHWT 1500-1999G W MAJOR ANOMALY
989,193,HCFA,NON-EXTENSIVE O.R. PROC UNRELATED TO PRINCIPAL DIAGNOSIS W/O CC/MCC
645,190,HCFA,ENDOCRINE DISORDERS W/O CC/MCC
911,190,APR,EXTENSIVE ABDOMINAL/THORACIC PROCEDURES FOR MULT SIGNIFICANT TRAUMA
132,189,APR,BPD & OTH CHRONIC RESPIRATORY DISEASES ARISING IN PERINATAL PERIOD
806,188,HCFA,VAGINAL DELIVERY W/O STERILIZATION/D&C W CC
782,187,HCFA,OTHER ANTEPARTUM DIAGNOSES W/O MEDICAL COMPLICATIONS
824,186,HCFA,LYMPHOMA & NON-ACUTE LEUKEMIA W OTHER O.R. PROC W CC
459,184,HCFA,SPINAL FUSION EXCEPT CERVICAL W MCC
477,184,HCFA,BIOPSIES OF MUSCULOSKELETAL SYSTEM & CONNECTIVE TISSUE W MCC
530,184,APR,FEMALE REPRODUCTIVE SYSTEM MALIGNANCY
504,183,HCFA,FOOT PROCEDURES W CC
983,183,HCFA,EXTENSIVE O.R. PROCEDURE UNRELATED TO PRINCIPAL DIAGNOSIS W/O CC/MCC
564,181,APR,"ABORTION W/O D&C, ASPIRATION CURETTAGE OR HYSTEROTOMY"
596,181,HCFA,MAJOR SKIN DISORDERS W/O MCC
097,180,APR,NON-BACTERIAL INFECT OF NERVOUS SYS EXC VIRAL MENINGITIS W MCC
741,180,HCFA,"UTERINE,ADNEXA PROC FOR NON-OVARIAN/ADNEXAL MALIG W/O CC/MCC"
479,178,HCFA,BIOPSIES OF MUSCULOSKELETAL SYSTEM & CONNECTIVE TISSUE W/O CC/MCC
028,177,HCFA,SPINAL PROCEDURES W MCC
685,177,HCFA,ADMIT FOR RENAL DIALYSIS
307,175,HCFA,CARDIAC CONGENITAL & VALVULAR DISORDERS W/O MCC
352,173,HCFA,INGUINAL & FEMORAL HERNIA PROCEDURES W/O CC/MCC
335,172,HCFA,PERITONEAL ADHESIOLYSIS W MCC
659,168,HCFA,KIDNEY & URETER PROCEDURES FOR NON-NEOPLASM W MCC
179,167,HCFA,RESPIRATORY INFECTIONS & INFLAMMATIONS W/O CC/MCC
823,167,HCFA,LYMPHOMA & NON-ACUTE LEUKEMIA W OTHER O.R. PROC W MCC
963,167,HCFA,OTHER MULTIPLE SIGNIFICANT TRAUMA W MCC
059,165,HCFA,MULTIPLE SCLEROSIS & CEREBELLAR ATAXIA W CC
006,164,APR,LIVER TRANSPLANT W/O MCC
500,163,APR,"MALIGNANCY, MALE REPRODUCTIVE SYSTEM"
072,161,HCFA,NONSPECIFIC CEREBROVASCULAR DISORDERS W/O CC/MCC
906,161,HCFA,HAND PROCEDURES FOR INJURIES
462,160,APR,BILATERAL OR MULTIPLE MAJOR JOINT PROCS OF LOWER EXTREMITY W/O MCC
471,159,HCFA,CERVICAL SPINAL FUSION W MCC
369,157,HCFA,MAJOR ESOPHAGEAL DISORDERS W CC
382,157,APR,COMPLICATED PEPTIC ULCER W/O CC/MCC
914,157,HCFA,TRAUMATIC INJURY W/O MCC
486,154,HCFA,KNEE PROCEDURES W PDX OF INFECTION W CC
941,154,HCFA,O.R. PROC W DIAGNOSES OF OTHER CONTACT W HEALTH SERVICES W/O CC/MCC
306,152,HCFA,CARDIAC CONGENITAL & VALVULAR DISORDERS W MCC
416,152,HCFA,CHOLECYSTECTOMY EXCEPT BY LAPAROSCOPE W/O C.D.E. W/O CC/MCC
904,151,HCFA,SKIN GRAFTS FOR INJURIES W CC/MCC
358,150,HCFA,OTHER DIGESTIVE SYSTEM O.R. PROCEDURES W/O CC/MCC
829,149,HCFA,MYELOPROLIF DISORD OR POORLY DIFF NEOPL W OTHER O.R. PROC W CC/MCC
844,149,APR,OTHER MYELOPROLIF DIS OR POORLY DIFF NEOPL DIAG W CC
409,148,HCFA,BILIARY TRACT PROC EXCEPT ONLY CHOLECYST W OR W/O C.D.E. W CC
414,148,HCFA,CHOLECYSTECTOMY EXCEPT BY LAPAROSCOPE W/O C.D.E. W MCC
553,148,HCFA,BONE DISEASES & ARTHROPATHIES W MCC
030,147,HCFA,SPINAL PROCEDURES W/O CC/MCC
273,147,HCFA,PERCUTANEOUS INTRACARDIAC PROCEDURES W MCC
461,147,APR,BILATERAL OR MULTIPLE MAJOR JOINT PROCS OF LOWER EXTREMITY W MCC
758,147,APR,BEHAVIORAL DISORDERS
183,146,HCFA,MAJOR CHEST TRAUMA W MCC
515,145,HCFA,OTHER MUSCULOSKELET SYS & CONN TISS O.R. PROC W MCC
769,145,HCFA,POSTPARTUM & POST ABORTION DIAGNOSES W O.R. PROCEDURE
156,144,HCFA,NASAL TRAUMA & DEFORMITY W/O CC/MCC
510,144,APR,"PELVIC EVISCERATION, RADICAL HYSTERECTOMY & OTHER RADICAL GYN PROCS"
578,144,HCFA,SKIN GRAFT &/OR DEBRID EXC FOR SKIN ULCER OR CELLULITIS W/O CC/MCC
761,144,HCFA,MENSTRUAL & OTHER FEMALE REPRODUCTIVE SYSTEM DISORDERS W/O CC/MCC
037,141,HCFA,EXTRACRANIAL PROCEDURES W MCC
748,141,HCFA,FEMALE REPRODUCTIVE SYSTEM RECONSTRUCTIVE PROCEDURES
810,141,APR,HEMORRHAGE OR HEMATOMA DUE TO COMPLICATION
547,140,HCFA,CONNECTIVE TISSUE DISORDERS W/O CC/MCC
608,140,APR,NEONATE BWT 1250-1499G W OR W/O OTHER SIGNIFICANT CONDITION
075,138,HCFA,VIRAL MENINGITIS W CC/MCC
940,138,HCFA,O.R. PROC W DIAGNOSES OF OTHER CONTACT W HEALTH SERVICES W CC
036,134,HCFA,CAROTID ARTERY STENT PROCEDURE W/O CC/MCC
606,133,HCFA,MINOR SKIN DISORDERS W MCC
651,133,APR,OTHER PROCEDURES OF BLOOD & BLOOD-FORMING ORGANS
475,132,HCFA,AMPUTATION FOR MUSCULOSKELETAL SYS & CONN TISSUE DIS W CC
843,132,APR,EXTENSIVE 3RD DEGREE OR FULL THICKNESS BURNS W/O SKIN GRAFT
670,131,HCFA,TRANSURETHRAL PROCEDURES W/O CC/MCC
157,130,HCFA,DENTAL & ORAL DISEASES W MCC
256,129,HCFA,UPPER LIMB & TOE AMPUTATION FOR CIRC SYSTEM DISORDERS W CC
707,126,HCFA,MAJOR MALE PELVIC PROCEDURES W CC/MCC
009,125,HCFA,BONE MARROW TRANSPLANT
353,125,HCFA,HERNIA PROCEDURES EXCEPT INGUINAL & FEMORAL W MCC
368,125,HCFA,MAJOR ESOPHAGEAL DISORDERS W MCC
654,124,HCFA,MAJOR BLADDER PROCEDURES W CC
185,122,HCFA,MAJOR CHEST TRAUMA W/O CC/MCC
218,122,HCFA,CARDIAC VALVE & OTH MAJ CARDIOTHORACIC PROC W CARD CATH W/O CC/MCC
488,122,HCFA,KNEE PROCEDURES W/O PDX OF INFECTION W CC/MCC
577,122,HCFA,SKIN GRAFT &/OR DEBRID EXC FOR SKIN ULCER OR CELLULITIS W CC
787,122,HCFA,CESAREAN SECTION W/O STERILIZATION W CC
032,121,HCFA,VENTRICULAR SHUNT PROCEDURES W CC
535,121,HCFA,FRACTURES OF HIP & PELVIS W MCC
539,120,HCFA,OSTEOMYELITIS W MCC
571,120,HCFA,SKIN DEBRIDEMENT W CC
692,120,APR,RADIOTHERAPY
579,119,HCFA,"OTHER SKIN, SUBCUT TISS & BREAST PROC W MCC"
752,119,APR,DISORDERS OF PERSONALITY & IMPULSE CONTROL
589,117,APR,"NEONATE BWT < 500G, OR BWT 500-999G & GESTATIONAL AGE <24 WKS, OR BWT 500-749G W MAJOR ANOMALY OR W/O LIFE SUSTAINING INTERVENTION"
311,116,HCFA,ANGINA PECTORIS
555,116,HCFA,SIGNS & SYMPTOMS OF MUSCULOSKELETAL SYSTEM & CONN TISSUE W MCC
154,114,HCFA,NASAL TRAUMA & DEFORMITY W MCC
557,114,HCFA,"TENDONITIS, MYOSITIS & BURSITIS W MCC"
858,114,HCFA,POSTOPERATIVE OR POST-TRAUMATIC INFECTIONS W O.R. PROC W/O CC/MCC
805,113,HCFA,VAGINAL DELIVERY W/O STERILIZATION/D&C W MCC
821,113,HCFA,LYMPHOMA & LEUKEMIA W MAJOR O.R. PROCEDURE W CC
777,112,HCFA,ECTOPIC PREGNANCY
288,110,HCFA,ACUTE & SUBACUTE ENDOCARDITIS W MCC
584,110,HCFA,"BREAST BIOPSY, LOCAL EXCISION & OTHER BREAST PROCEDURES W CC/MCC"
215,108,HCFA,OTHER HEART ASSIST SYSTEM IMPLANT
159,107,HCFA,DENTAL & ORAL DISEASES W/O CC/MCC
693,107,HCFA,URINARY STONES W MCC
095,106,APR,BACTERIAL & TUBERCULOUS INFECTIONS OF NERVOUS SYSTEM W CC
138,106,APR,BRONCHIOLITIS & RSV PNEUMONIA
151,105,HCFA,EPISTAXIS W/O MCC
604,105,HCFA,"TRAUMA TO THE SKIN, SUBCUT TISS & BREAST W MCC"
902,105,HCFA,WOUND DEBRIDEMENTS FOR INJURIES W CC
628,104,HCFA,"OTHER ENDOCRINE, NUTRIT & METAB O.R. PROC W MCC"
062,103,HCFA,ACUTE ISCHEMIC STROKE W USE OF THROMBOLYTIC AGENT W CC
744,103,HCFA,"D&C, CONIZATION, LAPARASCOPY & TUBAL INTERRUPTION W CC/MCC"
170,102,APR,"PERMANENT CARDIAC PACEMAKER IMPLANT W AMI, HEART FAILURE OR SHOCK"
786,102,HCFA,CESAREAN SECTION W/O STERILIZATION W MCC
814,102,HCFA,RETICULOENDOTHELIAL & IMMUNITY DISORDERS W MCC
031,101,HCFA,VENTRICULAR SHUNT PROCEDURES W MCC
068,101,HCFA,NONSPECIFIC CVA & PRECEREBRAL OCCLUSION W/O INFARCT W/O MCC
081,101,HCFA,NONTRAUMATIC STUPOR & COMA W/O MCC
230,101,APR,MAJOR SMALL BOWEL PROCEDURES
869,101,HCFA,OTHER INFECTIOUS & PARASITIC DISEASES DIAGNOSES W/O CC/MCC
949,100,HCFA,AFTERCARE W CC/MCC
965,100,HCFA,OTHER MULTIPLE SIGNIFICANT TRAUMA W/O CC/MCC
827,98,HCFA,MYELOPROLIF DISORD OR POORLY DIFF NEOPL W MAJ O.R. PROC W CC
713,96,HCFA,TRANSURETHRAL PROSTATECTOMY W CC/MCC
976,96,HCFA,HIV W MAJOR RELATED CONDITION W/O CC/MCC
102,95,HCFA,HEADACHES W MCC
094,94,HCFA,BACTERIAL & TUBERCULOUS INFECTIONS OF NERVOUS SYSTEM W MCC
456,94,HCFA,SPINAL FUS EXC CERV W SPINAL CURV/MALIG/INFEC OR 9+ FUS W MCC
615,94,HCFA,ADRENAL & PITUITARY PROCEDURES W/O CC/MCC
822,94,HCFA,LYMPHOMA & LEUKEMIA W MAJOR O.R. PROCEDURE W/O CC/MCC
333,93,HCFA,RECTAL RESECTION W CC
893,92,APR,HIV W MULTIPLE SIGNIFICANT HIV RELATED CONDITIONS
096,90,HCFA,BACTERIAL & TUBERCULOUS INFECTIONS OF NERVOUS SYSTEM W/O CC/MCC
272,90,HCFA,OTHER MAJOR CARDIOVASCULAR PROCEDURES W/O CC/MCC
923,89,HCFA,"OTHER INJURY, POISONING & TOXIC EFFECT DIAG W/O MCC"
061,88,HCFA,ACUTE ISCHEMIC STROKE W USE OF THROMBOLYTIC AGENT W MCC
915,87,HCFA,ALLERGIC REACTIONS W MCC
099,86,HCFA,NON-BACTERIAL INFECT OF NERVOUS SYS EXC VIRAL MENINGITIS W/O CC/MCC
687,86,HCFA,KIDNEY & URINARY TRACT NEOPLASMS W CC
188,85,HCFA,PLEURAL EFFUSION W/O CC/MCC
747,85,HCFA,"VAGINA, CERVIX & VULVA PROCEDURES W/O CC/MCC"
820,85,HCFA,LYMPHOMA & LEUKEMIA W MAJOR O.R. PROCEDURE W MCC
825,85,HCFA,LYMPHOMA & NON-ACUTE LEUKEMIA W OTHER O.R. PROC W/O CC/MCC
033,84,HCFA,VENTRICULAR SHUNT PROCEDURES W/O CC/MCC
289,84,HCFA,ACUTE & SUBACUTE ENDOCARDITIS W CC
574,84,HCFA,SKIN GRAFT &/OR DEBRID FOR SKN ULCER OR CELLULITIS W CC
636,84,APR,NEONATE BIRTHWT >2499G W CONGENITAL/PERINATAL INFECTION
474,83,HCFA,AMPUTATION FOR MUSCULOSKELETAL SYS & CONN TISSUE DIS W MCC
650,82,APR,SPLENECTOMY
035,81,HCFA,CAROTID ARTERY STENT PROCEDURE W CC
485,81,HCFA,KNEE PROCEDURES W PDX OF INFECTION W MCC
437,80,HCFA,MALIGNANCY OF HEPATOBILIARY SYSTEM OR PANCREAS W/O CC/MCC
642,80,HCFA,INBORN AND OTHER DISORDERS OF METABOLISM
832,80,HCFA,OTHER ANTEPARTUM DIAGNOSES W/O O.R. PROCEDURE W CC
268,79,HCFA,AORTIC AND HEART ASSIST PROCEDURES EXCEPT PULSATION BALLOON W MCC
656,79,HCFA,KIDNEY & URETER PROCEDURES FOR NEOPLASM W MCC
675,79,HCFA,OTHER KIDNEY & URINARY TRACT PROCEDURES W/O CC/MCC
296,77,HCFA,"CARDIAC ARREST, UNEXPLAINED W MCC"
849,77,HCFA,RADIOTHERAPY
110,76,APR,"EAR, NOSE, MOUTH, THROAT, CRANIAL/FACIAL MALIGNANCIES"
255,76,HCFA,UPPER LIMB & TOE AMPUTATION FOR CIRC SYSTEM DISORDERS W MCC
495,75,HCFA,LOCAL EXCISION & REMOVAL INT FIX DEVICES EXC HIP & FEMUR W MCC
339,74,HCFA,APPENDECTOMY W COMPLICATED PRINCIPAL DIAG W CC
768,74,HCFA,VAGINAL DELIVERY W O.R. PROC EXCEPT STERIL &/OR D&C
231,70,APR,CORONARY BYPASS W PTCA W MCC
833,69,HCFA,OTHER ANTEPARTUM DIAGNOSES W/O O.R. PROCEDURE W/O CC/MCC
376,67,HCFA,DIGESTIVE MALIGNANCY W/O CC/MCC
592,67,HCFA,SKIN ULCERS W MCC
601,67,HCFA,NON-MALIGNANT BREAST DISORDERS W/O CC/MCC
090,66,HCFA,CONCUSSION W/O CC/MCC
959,66,HCFA,OTHER O.R. PROCEDURES FOR MULTIPLE SIGNIFICANT TRAUMA W/O CC/MCC
334,65,HCFA,RECTAL RESECTION W/O CC/MCC
668,65,HCFA,TRANSURETHRAL PROCEDURES W MCC
498,64,HCFA,LOCAL EXCISION & REMOVAL INT FIX DEVICES OF HIP & FEMUR W CC/MCC
559,64,HCFA,"AFTERCARE, MUSCULOSKELETAL SYSTEM & CONNECTIVE TISSUE W MCC"
910,63,APR,CRANIOTOMY FOR MULTIPLE SIGNIFICANT TRAUMA
506,62,HCFA,MAJOR THUMB OR JOINT PROCEDURES
572,62,HCFA,SKIN DEBRIDEMENT W/O CC/MCC
734,62,HCFA,"PELVIC EVISCERATION, RAD HYSTERECTOMY & RAD VULVECTOMY W CC/MCC"
828,62,HCFA,MYELOPROLIF DISORD OR POORLY DIFF NEOPL W MAJ O.R. PROC W/O CC/MCC
969,62,HCFA,HIV W EXTENSIVE O.R. PROCEDURE W MCC
803,60,HCFA,OTHER O.R. PROC OF THE BLOOD & BLOOD FORMING ORGANS W CC
012,59,HCFA,"TRACHEOSTOMY FOR FACE, MOUTH & NECK DIAGNOSES OR LARYNGECTOMY W CC"
726,59,HCFA,BENIGN PROSTATIC HYPERTROPHY W/O MCC
876,59,HCFA,O.R. PROCEDURE W PRINCIPAL DIAGNOSES OF MENTAL ILLNESS
598,58,HCFA,MALIGNANT BREAST DISORDERS W CC
655,58,HCFA,MAJOR BLADDER PROCEDURES W/O CC/MCC
616,57,HCFA,"AMPUTAT OF LOWER LIMB FOR ENDOCRINE, NUTRIT, & METABOL DIS W MCC"
749,57,HCFA,OTHER FEMALE REPRODUCTIVE SYSTEM O.R. PROCEDURES W CC/MCC
570,54,HCFA,SKIN DEBRIDEMENT W MCC
011,53,HCFA,"TRACHEOSTOMY FOR FACE, MOUTH & NECK DIAGNOSES OR LARYNGECTOMY W MCC"
124,53,HCFA,OTHER DISORDERS OF THE EYE W MCC
746,53,HCFA,"VAGINA, CERVIX & VULVA PROCEDURES W CC/MCC"
905,53,HCFA,SKIN GRAFTS FOR INJURIES W/O CC/MCC
955,53,HCFA,CRANIOTOMY FOR MULTIPLE SIGNIFICANT TRAUMA
259,52,HCFA,CARDIAC PACEMAKER DEVICE REPLACEMENT W/O MCC
804,52,HCFA,OTHER O.R. PROC OF THE BLOOD & BLOOD FORMING ORGANS W/O CC/MCC
826,51,HCFA,MYELOPROLIF DISORD OR POORLY DIFF NEOPL W MAJ O.R. PROC W MCC
686,50,HCFA,KIDNEY & URINARY TRACT NEOPLASMS W MCC
736,49,HCFA,UTERINE & ADNEXA PROC FOR OVARIAN OR ADNEXAL MALIGNANCY W MCC
080,48,HCFA,NONTRAUMATIC STUPOR & COMA W MCC
370,48,HCFA,MAJOR ESOPHAGEAL DISORDERS W/O CC/MCC
727,48,HCFA,INFLAMMATION OF THE MALE REPRODUCTIVE SYSTEM W MCC
129,47,HCFA,MAJOR HEAD & NECK PROCEDURES W CC/MCC OR MAJOR DEVICE
600,47,HCFA,NON-MALIGNANT BREAST DISORDERS W CC/MCC
503,46,HCFA,FOOT PROCEDURES W MCC
588,46,APR,NEONATE BWT <1500G W MAJOR PROCEDURE
738,46,HCFA,UTERINE & ADNEXA PROC FOR OVARIAN OR ADNEXAL MALIGNANCY W/O CC/MCC
887,46,HCFA,OTHER MENTAL DISORDER DIAGNOSES
922,46,HCFA,"OTHER INJURY, POISONING & TOXIC EFFECT DIAG W MCC"
745,45,HCFA,"D&C, CONIZATION, LAPARASCOPY & TUBAL INTERRUPTION W/O CC/MCC"
779,45,HCFA,ABORTION W/O D&C
903,44,HCFA,WOUND DEBRIDEMENTS FOR INJURIES W/O CC/MCC
653,43,HCFA,MAJOR BLADDER PROCEDURES W MCC
150,42,HCFA,EPISTAXIS W MCC
619,42,HCFA,O.R. PROCEDURES FOR OBESITY W MCC
225,41,HCFA,CARDIAC DEFIB IMPLANT W CARDIAC CATH W/O AMI/HF/SHOCK W/O MCC
410,41,HCFA,BILIARY TRACT PROC EXCEPT ONLY CHOLECYST W OR W/O C.D.E. W/O CC/MCC
549,39,HCFA,SEPTIC ARTHRITIS W CC
573,39,HCFA,SKIN GRAFT &/OR DEBRID FOR SKN ULCER OR CELLULITIS W MCC
595,39,HCFA,MAJOR SKIN DISORDERS W MCC
780,39,HCFA,FALSE LABOR
034,38,HCFA,CAROTID ARTERY STENT PROCEDURE W MCC
322,38,APR,SHOULDER & ELBOW JOINT REPLACEMENT
262,37,HCFA,CARDIAC PACEMAKER REVISION EXCEPT DEVICE REPLACEMENT W/O CC/MCC
434,37,HCFA,CIRRHOSIS & ALCOHOLIC HEPATITIS W/O CC/MCC
886,37,HCFA,BEHAVIORAL & DEVELOPMENTAL DISORDERS
802,36,HCFA,OTHER O.R. PROC OF THE BLOOD & BLOOD FORMING ORGANS W MCC
939,36,HCFA,O.R. PROC W DIAGNOSES OF OTHER CONTACT W HEALTH SERVICES W MCC
265,35,HCFA,AICD LEAD PROCEDURES
499,35,HCFA,LOCAL EXCISION & REMOVAL INT FIX DEVICES OF HIP & FEMUR W/O CC/MCC
534,35,HCFA,FRACTURES OF FEMUR W/O MCC
735,35,HCFA,"PELVIC EVISCERATION, RAD HYSTERECTOMY & RAD VULVECTOMY W/O CC/MCC"
739,35,HCFA,"UTERINE, ADNEXA PROC FOR NON-OVARIAN/ADNEXAL MALIG W MCC"
008,34,APR,AUTOLOGOUS BONE MARROW TRANSPLANT
597,33,HCFA,MALIGNANT BREAST DISORDERS W MCC
257,32,HCFA,UPPER LIMB & TOE AMPUTATION FOR CIRC SYSTEM DISORDERS W/O CC/MCC
350,32,HCFA,INGUINAL & FEMORAL HERNIA PROCEDURES W MCC
458,32,HCFA,SPINAL FUS EXC CERV W SPINAL CURV/MALIG/INFEC OR 9+ FUS W/O CC/MCC
476,32,HCFA,AMPUTATION FOR MUSCULOSKELETAL SYS & CONN TISSUE DIS W/O CC/MCC
801,32,HCFA,SPLENECTOMY W/O CC/MCC
830,32,HCFA,MYELOPROLIF DISORD OR POORLY DIFF NEOPL W OTHER O.R. PROC W/O CC/MCC
712,31,HCFA,TESTES PROCEDURES W/O CC/MCC
848,31,HCFA,CHEMOTHERAPY W/O ACUTE LEUKEMIA AS SECONDARY DIAGNOSIS W/O CC/MCC
487,30,HCFA,KNEE PROCEDURES W PDX OF INFECTION W/O CC/MCC
508,30,HCFA,MAJOR SHOULDER OR ELBOW JOINT PROCEDURES W/O CC/MCC
630,30,APR,NEONATE BIRTHWT >2499G W MAJOR CARDIOVASCULAR PROCEDURE
664,30,HCFA,MINOR BLADDER PROCEDURES W/O CC/MCC
836,30,HCFA,ACUTE LEUKEMIA W/O MAJOR O.R. PROCEDURE W/O CC/MCC
146,29,HCFA,"EAR, NOSE, MOUTH & THROAT MALIGNANCY W MCC"
332,29,HCFA,RECTAL RESECTION W MCC
729,29,HCFA,OTHER MALE REPRODUCTIVE SYSTEM DIAGNOSES W CC/MCC
799,29,HCFA,SPLENECTOMY W MCC
010,28,APR,HEAD TRAUMA WITH DEEP COMA
147,28,HCFA,"EAR, NOSE, MOUTH & THROAT MALIGNANCY W CC"
709,28,HCFA,PENIS PROCEDURES W CC/MCC
901,28,HCFA,WOUND DEBRIDEMENTS FOR INJURIES W MCC
717,27,HCFA,OTHER MALE REPRODUCTIVE SYSTEM O.R. PROC EXC MALIGNANCY W CC/MCC
077,26,HCFA,HYPERTENSIVE ENCEPHALOPATHY W MCC
294,26,HCFA,DEEP VEIN THROMBOPHLEBITIS W CC/MCC
426,26,APR,NON-HYPOVOLEMIC SODIUM DISORDERS
785,26,HCFA,CESAREAN SECTION W STERILIZATION W/O CC/MCC
913,26,HCFA,TRAUMATIC INJURY W MCC
507,24,HCFA,MAJOR SHOULDER OR ELBOW JOINT PROCEDURES W CC/MCC
725,24,HCFA,BENIGN PROSTATIC HYPERTROPHY W MCC
067,23,HCFA,NONSPECIFIC CVA & PRECEREBRAL OCCLUSION W/O INFARCT W MCC
575,23,HCFA,SKIN GRAFT &/OR DEBRID FOR SKN ULCER OR CELLULITIS W/O CC/MCC
338,22,HCFA,APPENDECTOMY W COMPLICATED PRINCIPAL DIAG W MCC
412,22,HCFA,CHOLECYSTECTOMY W C.D.E. W CC
537,22,HCFA,"SPRAINS, STRAINS, & DISLOCATIONS OF HIP, PELVIS & THIGH W CC/MCC"
576,22,HCFA,SKIN GRAFT &/OR DEBRID EXC FOR SKIN ULCER OR CELLULITIS W MCC
258,21,HCFA,CARDIAC PACEMAKER DEVICE REPLACEMENT W MCC
935,21,HCFA,NON-EXTENSIVE BURNS
063,20,HCFA,ACUTE ISCHEMIC STROKE W USE OF THROMBOLYTIC AGENT W/O CC/MCC
116,20,HCFA,INTRAOCULAR PROCEDURES W CC/MCC
667,20,HCFA,PROSTATECTOMY W/O CC/MCC
594,19,HCFA,SKIN ULCERS W/O CC/MCC
784,19,HCFA,CESAREAN SECTION W STERILIZATION W CC
800,19,HCFA,SPLENECTOMY W CC
831,19,HCFA,OTHER ANTEPARTUM DIAGNOSES W/O O.R. PROCEDURE W MCC
413,18,HCFA,CHOLECYSTECTOMY W C.D.E. W/O CC/MCC
845,18,HCFA,OTHER MYELOPROLIF DIS OR POORLY DIFF NEOPL DIAG W/O CC/MCC
078,17,HCFA,HYPERTENSIVE ENCEPHALOPATHY W CC
550,17,HCFA,SEPTIC ARTHRITIS W/O CC/MCC
613,17,APR,NEONATE BIRTHWT 1500-1999G W CONGENITAL/PERINATAL INFECTION
013,16,HCFA,"TRACHEOSTOMY FOR FACE, MOUTH & NECK DIAGNOSES OR LARYNGECTOMY W/O CC/MCC"
015,16,HCFA,AUTOLOGOUS BONE MARROW TRANSPLANT
232,15,HCFA,CORONARY BYPASS W PTCA W/O MCC
624,15,HCFA,"SKIN GRAFTS & WOUND DEBRID FOR ENDOC, NUTRIT & METAB DIS W/O CC/MCC"
666,15,HCFA,PROSTATECTOMY W CC
671,15,HCFA,URETHRAL PROCEDURES W CC/MCC
672,15,HCFA,URETHRAL PROCEDURES W/O CC/MCC
817,15,APR,OTHER ANTEPARTUM DIAGNOSES W O.R. PROCEDURE W MCC
088,14,HCFA,CONCUSSION W MCC
122,14,HCFA,ACUTE MAJOR EYE INFECTIONS W/O CC/MCC
783,14,HCFA,CESAREAN SECTION W STERILIZATION W MCC
855,14,HCFA,INFECTIOUS & PARASITIC DISEASES W O.R. PROCEDURE W/O CC/MCC
160,13,APR,MAJOR CARDIOTHORACIC REPAIR OF HEART ANOMALY
533,13,HCFA,FRACTURES OF FEMUR W MCC
548,13,HCFA,SEPTIC ARTHRITIS W MCC
970,13,HCFA,HIV W EXTENSIVE O.R. PROCEDURE W/O MCC
145,12,APR,ACUTE BRONCHITIS AND RELATED SYMPTOMS
285,11,HCFA,"ACUTE MYOCARDIAL INFARCTION, EXPIRED W/O CC/MCC"
297,11,HCFA,"CARDIAC ARREST, UNEXPLAINED W CC"
715,11,HCFA,OTHER MALE REPRODUCTIVE SYSTEM O.R. PROC FOR MALIGNANCY W CC/MCC
818,11,HCFA,OTHER ANTEPARTUM DIAGNOSES W O.R. PROCEDURE W CC
017,10,HCFA,AUTOLOGOUS BONE MARROW TRANSPLANT W/O CC/MCC
411,10,HCFA,CHOLECYSTECTOMY W C.D.E. W MCC
697,10,HCFA,URETHRAL STRICTURE
290,9,HCFA,ACUTE & SUBACUTE ENDOCARDITIS W/O CC/MCC
730,9,HCFA,OTHER MALE REPRODUCTIVE SYSTEM DIAGNOSES W/O CC/MCC
117,8,HCFA,INTRAOCULAR PROCEDURES W/O CC/MCC
538,8,HCFA,"SPRAINS, STRAINS, & DISLOCATIONS OF HIP, PELVIS & THIGH W/O CC/MCC"
718,8,HCFA,OTHER MALE REPRODUCTIVE SYSTEM O.R. PROC EXC MALIGNANCY W/O CC/MCC
079,7,HCFA,HYPERTENSIVE ENCEPHALOPATHY W/O CC/MCC
928,7,HCFA,FULL THICKNESS BURN W SKIN GRAFT OR INHAL INJ W CC/MCC
934,7,HCFA,FULL THICKNESS BURN W/O SKIN GRFT OR INHAL INJ
148,6,HCFA,"EAR, NOSE, MOUTH & THROAT MALIGNANCY W/O CC/MCC"
295,6,HCFA,DEEP VEIN THROMBOPHLEBITIS W/O CC/MCC
631,6,APR,NEONATE BIRTHWT >2499G W OTHER MAJOR PROCEDURE
688,6,HCFA,KIDNEY & URINARY TRACT NEOPLASMS W/O CC/MCC
509,5,HCFA,ARTHROSCOPY
798,5,HCFA,VAGINAL DELIVERY W STERILIZATION/D&C W/O CC/MCC
002,4,HCFA,HEART TRANSPLANT OR IMPLANT OF HEART ASSIST SYSTEM W/O MCC
007,4,APR,ALLOGENEIC BONE MARROW TRANSPLANT
298,4,HCFA,"CARDIAC ARREST, UNEXPLAINED W/O CC/MCC"
427,4,APR,THYROID DISORDERS
609,4,APR,NEONATE BWT 1500-2499G W MAJOR PROCEDURE
618,4,HCFA,"AMPUTAT OF LOWER LIMB FOR ENDOCRINE,NUTRIT,& METABOL DIS W/O CC/MCC"
716,4,HCFA,OTHER MALE REPRODUCTIVE SYSTEM O.R. PROC FOR MALIGNANCY W/O CC/MCC
797,4,HCFA,VAGINAL DELIVERY W STERILIZATION/D&C W CC
599,3,HCFA,MALIGNANT BREAST DISORDERS W/O CC/MCC
665,3,HCFA,PROSTATECTOMY W MCC
819,3,HCFA,OTHER ANTEPARTUM DIAGNOSES W O.R. PROCEDURE W/O CC/MCC
984,3,HCFA,PROSTATIC O.R. PROCEDURE UNRELATED TO PRINCIPAL DIAGNOSIS W MCC
998,3,HCFA,PRINCIPAL DIAGNOSIS INVALID AS DISCHARGE DIAGNOSIS
772,2,APR,ALCOHOL & DRUG DEPENDENCE W REHAB OR REHAB/DETOX THERAPY
895,2,HCFA,ALCOHOL/DRUG ABUSE OR DEPENDENCE W REHABILITATION THERAPY
929,2,HCFA,FULL THICKNESS BURN W SKIN GRAFT OR INHAL INJ W/O CC/MCC
999,2,HCFA,UNGROUPABLE
319,1,HCFA,OTHER ENDOVASCULAR CARDIAC VALVE PROCEDURES W MCC
796,1,HCFA,VAGINAL DELIVERY W STERILIZATION/D&C W MCC
985,1,HCFA,PROSTATIC O.R. PROCEDURE UNRELATED TO PRINCIPAL DIAGNOSIS W CC
