itemid,label,valueuom,ref_range_lower,ref_range_upper,fluid,category
50852,% Hemoglobin A1c,%,4.8,5.9,Blood,Chemistry
50852,% Hemoglobin A1c,%,4.0,6.0,Blood,Chemistry
51066,24 hr Calcium,mg/24hr,,,Urine,Chemistry
51067,24 hr Creatinine,mg/24hr,,,Urine,Chemistry
51068,24 hr Protein,mg/24hr,,,Urine,Chemistry
50853,25-OH Vitamin D,ng/mL,30.0,60.0,Blood,Chemistry
51776,<Albumin>,mg/dL,,,Cerebrospinal Fluid,Chemistry
51135,ADP,,,,Blood,Hematology
51548,ANCA Titer,,,,Blood,Chemistry
51141,APT Test,,,,Blood,Hematology
51564,ARCH-1,,,,Blood,Chemistry
50854,Absolute A1c,,,,Blood,Chemistry
52069,Absolute Basophil Count,K/uL,0.01,0.08,Blood,Hematology
52069,Absolute Basophil Count,K/uL,0.0,0.2,Blood,Hematology
52069,Absolute Basophil Count,,,,Blood,Hematology
51130,Absolute CD3 Count,#/uL,578.0,1850.0,Blood,Hematology
51130,Absolute CD3 Count,,,,Blood,Hematology
51131,Absolute CD4 Count,#/uL,350.0,1100.0,Blood,Hematology
51131,Absolute CD4 Count,,,,Blood,Hematology
51132,Absolute CD8 Count,#/uL,193.0,685.0,Blood,Hematology
51132,Absolute CD8 Count,,,,Blood,Hematology
52073,Absolute Eosinophil Count,K/uL,0.04,0.54,Blood,Hematology
52073,Absolute Eosinophil Count,K/uL,0.05,0.39,Blood,Hematology
52073,Absolute Eosinophil Count,K/uL,0.03,0.51,Blood,Hematology
52073,Absolute Eosinophil Count,K/uL,0.01,0.42,Blood,Hematology
52073,Absolute Eosinophil Count,K/uL,0.02,0.23,Blood,Hematology
52073,Absolute Eosinophil Count,,,,Blood,Hematology
50855,Absolute Hemoglobin,,,,Blood,Chemistry
51133,Absolute Lymphocyte Count,K/uL,1.2,3.7,Blood,Hematology
52769,Absolute Lymphocyte Count,#/uL,,,Blood,Hematology
51133,Absolute Lymphocyte Count,K/uL,1.7,3.6,Blood,Hematology
51133,Absolute Lymphocyte Count,K/uL,1.9,5.7,Blood,Hematology
51133,Absolute Lymphocyte Count,K/uL,1.2,5.3,Blood,Hematology
51133,Absolute Lymphocyte Count,K/uL,1.0,3.8,Blood,Hematology
51133,Absolute Lymphocyte Count,,,,Blood,Hematology
52074,Absolute Monocyte Count,K/uL,0.2,0.8,Blood,Hematology
52074,Absolute Monocyte Count,K/uL,0.2,2.3,Blood,Hematology
52074,Absolute Monocyte Count,K/uL,0.3,3.4,Blood,Hematology
52074,Absolute Monocyte Count,K/uL,0.2,3.1,Blood,Hematology
52074,Absolute Monocyte Count,K/uL,0.2,1.6,Blood,Hematology
52074,Absolute Monocyte Count,,,,Blood,Hematology
52075,Absolute Neutrophil Count,K/uL,1.6,6.1,Blood,Hematology
52075,Absolute Neutrophil Count,K/uL,4.3,11.4,Blood,Hematology
52075,Absolute Neutrophil Count,K/uL,2.2,7.5,Blood,Hematology
52075,Absolute Neutrophil Count,K/uL,3.2,9.4,Blood,Hematology
52075,Absolute Neutrophil Count,K/uL,2.3,7.5,Blood,Hematology
52075,Absolute Neutrophil Count,,,,Blood,Hematology
51134,Acanthocytes,,,,Blood,Hematology
51134,Acanthocytes,N/A,,,Blood,Hematology
50856,Acetaminophen,ug/mL,10.0,30.0,Blood,Chemistry
50856,Acetaminophen,ug/mL,5.0,25.0,Blood,Chemistry
50857,Acetone,,,,Blood,Chemistry
50857,Acetone,N/A,,,Blood,Chemistry
50861,Alanine Aminotransferase (ALT),IU/L,0.0,40.0,Blood,Chemistry
50862,Albumin,g/dL,3.5,5.2,Blood,Chemistry
50862,Albumin,g/dL,3.4,4.8,Blood,Chemistry
50835,"Albumin, Ascites",g/dL,,,Ascites,Chemistry
51025,"Albumin, Body Fluid",g/dL,,,Other Body Fluid,Chemistry
51019,"Albumin, Joint Fluid",g/dL,,,Joint Fluid,Chemistry
51046,"Albumin, Pleural",g/dL,,,Pleural,Chemistry
51927,"Albumin, Stool",g/dL,,,Stool,Chemistry
51069,"Albumin, Urine",mg/dL,,,Urine,Chemistry
51070,"Albumin/Creatinine, Urine",mg/g,0.0,30.0,Urine,Chemistry
51070,"Albumin/Creatinine, Urine",,,,Urine,Chemistry
50863,Alkaline Phosphatase,IU/L,39.0,117.0,Blood,Chemistry
50863,Alkaline Phosphatase,IU/L,40.0,130.0,Blood,Chemistry
50863,Alkaline Phosphatase,IU/L,35.0,105.0,Blood,Chemistry
50863,Alkaline Phosphatase,IU/L,0.0,450.0,Blood,Chemistry
50863,Alkaline Phosphatase,IU/L,117.0,390.0,Blood,Chemistry
50864,Alpha-Fetoprotein,ng/mL,0.0,8.7,Blood,Chemistry
50801,Alveolar-arterial Gradient,mm Hg,,,Blood,Blood Gas
50865,Amikacin,ug/mL,20.0,25.0,Blood,Chemistry
50866,Ammonia,umol/L,12.0,47.0,Blood,Chemistry
50866,Ammonia,umol/L,10.0,60.0,Blood,Chemistry
51461,Ammonium Biurate,,,,Urine,Hematology
51461,Ammonium Biurate,/hpf,,,Urine,Hematology
51462,Amorphous Crystals,,,,Urine,Hematology
51462,Amorphous Crystals,/hpf,,,Urine,Hematology
51071,"Amphetamine Screen, Urine",,,,Urine,Chemistry
51071,"Amphetamine Screen, Urine",N/A,,,Urine,Chemistry
50867,Amylase,IU/L,0.0,100.0,Blood,Chemistry
50836,"Amylase, Ascites",IU/L,,,Ascites,Chemistry
51026,"Amylase, Body Fluid",IU/L,,,Other Body Fluid,Chemistry
51020,"Amylase, Joint Fluid",IU/L,,,Joint Fluid,Chemistry
51047,"Amylase, Pleural",IU/L,,,Pleural,Chemistry
51072,"Amylase, Urine",U/L,,,Urine,Chemistry
51073,"Amylase/Creatinine Ratio, Urine",Ratio,,,Urine,Chemistry
51839,Anat Path Hold,,,,Other Body Fluid,Chemistry
50868,Anion Gap,mEq/L,8.0,20.0,Blood,Chemistry
50868,Anion Gap,mEq/L,10.0,18.0,Blood,Chemistry
50868,Anion Gap,mEq/L,8.0,16.0,Blood,Chemistry
52500,Anion Gap,mEq/L,8.0,16.0,Blood,Chemistry
50868,Anion Gap,,,,Blood,Chemistry
51137,Anisocytosis,,,,Blood,Hematology
51137,Anisocytosis,N/A,,,Blood,Hematology
50869,Anti-DGP (IgA/IgG),units,0.0,19.0,Blood,Chemistry
50870,"Anti-Gliadin Antibody, IgA",units,0.0,19.0,Blood,Chemistry
50871,Anti-Mitochondrial Antibody,N/A,,,Blood,Chemistry
50871,Anti-Mitochondrial Antibody,,,,Blood,Chemistry
50872,Anti-Neutrophil Cytoplasmic Antibody,,,,Blood,Chemistry
50872,Anti-Neutrophil Cytoplasmic Antibody,N/A,,,Blood,Chemistry
50873,Anti-Nuclear Antibody,,,,Blood,Chemistry
50873,Anti-Nuclear Antibody,N/A,,,Blood,Chemistry
50874,"Anti-Nuclear Antibody, Titer",,,,Blood,Chemistry
50874,"Anti-Nuclear Antibody, Titer",N/A,,,Blood,Chemistry
50875,Anti-Parietal Cell Antibody,,,,Blood,Chemistry
50875,Anti-Parietal Cell Antibody,N/A,,,Blood,Chemistry
50876,Anti-Smooth Muscle Antibody,N/A,,,Blood,Chemistry
50876,Anti-Smooth Muscle Antibody,,,,Blood,Chemistry
50877,Anti-Thyroglobulin Antibodies,IU/mL,0.0,40.0,Blood,Chemistry
51138,Anticardiolipin Antibody IgG,GPL,0.0,15.0,Blood,Hematology
51139,Anticardiolipin Antibody IgM,MPL,0.0,12.5,Blood,Hematology
51140,Antithrombin,%,80.0,130.0,Blood,Hematology
51140,Antithrombin,%,69.0,121.0,Blood,Hematology
51140,Antithrombin,%,63.0,93.0,Blood,Hematology
51142,Arachadonic Acid,,,,Blood,Hematology
50878,Asparate Aminotransferase (AST),IU/L,0.0,40.0,Blood,Chemistry
52023,Assist/Control,,,,Blood,Blood Gas
51143,Atypical Lymphocytes,%,0.0,0.0,Blood,Hematology
51110,Atypical Lymphocytes,%,0.0,0.0,Ascites,Hematology
52221,Atypical Lymphocytes,%,,,Cerebrospinal Fluid,Hematology
51385,Atypical Lymphocytes,%,0.0,0.0,Other Body Fluid,Hematology
51365,Atypical Lymphocytes,%,0.0,0.0,Joint Fluid,Hematology
51440,Atypical Lymphocytes,%,0.0,0.0,Pleural,Hematology
51463,Bacteria,,,,Urine,Hematology
51463,Bacteria,/hpf,,,Urine,Hematology
51144,Bands,%,0.0,5.0,Blood,Hematology
51144,Bands,%,0.0,9.0,Blood,Hematology
52223,Bands,%,,,Cerebrospinal Fluid,Hematology
51111,Bands,%,0.0,0.0,Ascites,Hematology
51386,Bands,%,0.0,0.0,Other Body Fluid,Hematology
51441,Bands,%,0.0,0.0,Pleural,Hematology
51366,Bands,%,0.0,0.0,Joint Fluid,Hematology
50879,Barbiturate Screen,,,,Blood,Chemistry
50879,Barbiturate Screen,N/A,,,Blood,Chemistry
51074,"Barbiturate Screen, Urine",,,,Urine,Chemistry
51074,"Barbiturate Screen, Urine",N/A,,,Urine,Chemistry
50802,Base Excess,mEq/L,,,Blood,Blood Gas
51145,Basophilic Stippling,,,,Blood,Hematology
51145,Basophilic Stippling,N/A,,,Blood,Hematology
51146,Basophils,%,0.0,2.0,Blood,Hematology
51146,Basophils,%,0.0,1.0,Blood,Hematology
52225,Basophils,%,,,Cerebrospinal Fluid,Hematology
51367,Basophils,%,0.0,0.0,Joint Fluid,Hematology
51442,Basophils,%,0.0,0.0,Pleural,Hematology
51112,Basophils,%,0.0,0.0,Ascites,Hematology
51387,Basophils,%,0.0,0.0,Other Body Fluid,Hematology
50880,Benzodiazepine Screen,,,,Blood,Chemistry
50880,Benzodiazepine Screen,N/A,,,Blood,Chemistry
51075,"Benzodiazepine Screen, Urine",N/A,,,Urine,Chemistry
51075,"Benzodiazepine Screen, Urine",,,,Urine,Chemistry
51567,Beta Hydroxybutyrate,mmol/L,0.0,0.4,Blood,Chemistry
50881,Beta-2 Microglobulin,mg/L,0.8,2.2,Blood,Chemistry
50882,Bicarbonate,mEq/L,22.0,32.0,Blood,Chemistry
50882,Bicarbonate,,,,Blood,Chemistry
50837,"Bicarbonate, Ascites",mEq/L,,,Ascites,Chemistry
51027,"Bicarbonate, Other Fluid",mEq/L,,,Other Body Fluid,Chemistry
51048,"Bicarbonate, Pleural",mEq/L,,,Pleural,Chemistry
51061,"Bicarbonate, Stool",mEq/L,,,Stool,Chemistry
51076,"Bicarbonate, Urine",mEq/L,,,Urine,Chemistry
51464,Bilirubin,mg/dL,,,Urine,Hematology
51464,Bilirubin,N/A,,,Urine,Hematology
51464,Bilirubin,EU/dL,,,Urine,Hematology
51966,Bilirubin,N/A,,,Urine,Chemistry
51966,Bilirubin,,,,Urine,Chemistry
51465,Bilirubin Crystals,,,,Urine,Hematology
51465,Bilirubin Crystals,/hpf,,,Urine,Hematology
50883,"Bilirubin, Direct",mg/dL,0.0,0.3,Blood,Chemistry
50884,"Bilirubin, Indirect",mg/dL,,,Blood,Chemistry
50885,"Bilirubin, Total",mg/dL,0.0,1.5,Blood,Chemistry
50885,"Bilirubin, Total",mg/dL,0.0,6.0,Blood,Chemistry
50885,"Bilirubin, Total",mg/dL,0.0,7.0,Blood,Chemistry
50885,"Bilirubin, Total",mg/dL,0.0,12.0,Blood,Chemistry
50838,"Bilirubin, Total, Ascites",mg/dL,,,Ascites,Chemistry
51028,"Bilirubin, Total, Body Fluid",mg/dL,,,Other Body Fluid,Chemistry
51783,"Bilirubin, Total, CSF",mg/dL,,,Cerebrospinal Fluid,Chemistry
51049,"Bilirubin, Total, Pleural",mg/dL,,,Pleural,Chemistry
51571,Billed,,,,Blood,Chemistry
51147,Bite Cells,,,,Blood,Hematology
51147,Bite Cells,N/A,,,Blood,Hematology
51148,Blasts,%,0.0,0.0,Blood,Hematology
52227,Blasts,%,,,Cerebrospinal Fluid,Hematology
51443,Blasts,%,0.0,0.0,Pleural,Hematology
52339,Blasts,%,0.0,0.0,Other Body Fluid,Hematology
51113,Blasts,%,0.0,0.0,Ascites,Hematology
52294,Blasts,%,0.0,0.0,Joint Fluid,Hematology
51149,Bleeding Time,min,2.0,8.0,Blood,Hematology
51466,Blood,,,,Urine,Hematology
51466,Blood,N/A,,,Urine,Hematology
51967,Blood,,,,Urine,Chemistry
51967,Blood,N/A,,,Urine,Chemistry
51150,Blood Parasite Smear,,,,Blood,Hematology
51150,Blood Parasite Smear,N/A,,,Blood,Hematology
51460,"Blood, Occult",N/A,,,Stool,Hematology
51460,"Blood, Occult",,,,Stool,Hematology
50887,Blue Top Hold,,,,Blood,Chemistry
50888,Blue Top Hold Frozen,,,,Blood,Chemistry
51467,Broad Casts,#/lpf,0.0,0.0,Urine,Hematology
51934,C Diff Toxin Antigen Assay,,,,Stool,Chemistry
50889,C-Reactive Protein,mg/L,0.0,5.0,Blood,Chemistry
50889,C-Reactive Protein,,,,Blood,Chemistry
51933,C. diff PCR,,,,Stool,Chemistry
50890,C3,mg/dL,90.0,180.0,Blood,Chemistry
50891,C4,mg/dL,10.0,40.0,Blood,Chemistry
51579,CA 19-9,U/mL,0.0,35.0,Blood,Chemistry
50892,CA-125,U/mL,0.0,35.0,Blood,Chemistry
52319,CD 1a,,,,Bone Marrow,Hematology
52341,CD 1a,,,,Other Body Fluid,Hematology
52088,CD 1a,,,,Blood,Hematology
51152,CD10,,,,Blood,Hematology
52955,CD10,,,,Bone Marrow,Hematology
51388,CD10,,,,Other Body Fluid,Hematology
51153,CD103,,,,Blood,Hematology
51304,CD103,,,,Bone Marrow,Hematology
51389,CD103,,,,Other Body Fluid,Hematology
51305,CD117,,,,Bone Marrow,Hematology
51154,CD117,,,,Blood,Hematology
51390,CD117,,,,Other Body Fluid,Hematology
51391,CD11c,,,,Other Body Fluid,Hematology
51155,CD11c,,,,Blood,Hematology
51306,CD11c,,,,Bone Marrow,Hematology
51307,CD13,,,,Bone Marrow,Hematology
51156,CD13,,,,Blood,Hematology
51392,CD13,,,,Other Body Fluid,Hematology
51308,CD138,,,,Bone Marrow,Hematology
51393,CD138,,,,Other Body Fluid,Hematology
51157,CD138,,,,Blood,Hematology
51394,CD14,,,,Other Body Fluid,Hematology
51309,CD14,,,,Bone Marrow,Hematology
51158,CD14,,,,Blood,Hematology
51310,CD15,,,,Bone Marrow,Hematology
51159,CD15,,,,Blood,Hematology
51395,CD15,,,,Other Body Fluid,Hematology
52087,CD15/56,,,,Blood,Hematology
51161,CD16,,,,Blood,Hematology
51311,CD16,,,,Bone Marrow,Hematology
51396,CD16,,,,Other Body Fluid,Hematology
51312,CD16/56,,,,Bone Marrow,Hematology
51397,CD16/56,,,,Other Body Fluid,Hematology
51162,CD16/56 Absolute Count,#/uL,,,Blood,Hematology
51163,CD16/56%,%,,,Blood,Hematology
51398,CD19,,,,Other Body Fluid,Hematology
51164,CD19,,,,Blood,Hematology
51313,CD19,,,,Bone Marrow,Hematology
51165,CD19 %,%,,,Blood,Hematology
51166,CD19 Absolute Count,#/uL,,,Blood,Hematology
51399,CD2,,,,Other Body Fluid,Hematology
51314,CD2,,,,Bone Marrow,Hematology
51167,CD2,,,,Blood,Hematology
51315,CD20,,,,Bone Marrow,Hematology
51168,CD20,,,,Blood,Hematology
51400,CD20,,,,Other Body Fluid,Hematology
51169,CD20 %,%,,,Blood,Hematology
51170,CD20 Absolute Count,#/uL,,,Blood,Hematology
51171,CD22,,,,Blood,Hematology
51316,CD22,,,,Bone Marrow,Hematology
51401,CD22,,,,Other Body Fluid,Hematology
51402,CD23,,,,Other Body Fluid,Hematology
51317,CD23,,,,Bone Marrow,Hematology
51172,CD23,,,,Blood,Hematology
51318,CD25,,,,Bone Marrow,Hematology
51173,CD25,,,,Blood,Hematology
51403,CD25,,,,Other Body Fluid,Hematology
51404,CD3,,,,Other Body Fluid,Hematology
51319,CD3,,,,Bone Marrow,Hematology
51174,CD3 %,%,,,Blood,Hematology
51175,CD3 Absolute Count,#/uL,,,Blood,Hematology
51176,"CD3 Cells, Percent",%,,,Blood,Hematology
51320,CD33,,,,Bone Marrow,Hematology
51405,CD33,,,,Other Body Fluid,Hematology
51177,CD33,,,,Blood,Hematology
51406,CD34,#/uL,,,Other Body Fluid,Hematology
51178,CD34,%,,,Blood,Hematology
51321,CD34,,,,Bone Marrow,Hematology
51179,CD38,,,,Blood,Hematology
51407,CD38,,,,Other Body Fluid,Hematology
51322,CD38,,,,Bone Marrow,Hematology
51323,CD4,,,,Bone Marrow,Hematology
51408,CD4,,,,Other Body Fluid,Hematology
51180,"CD4 Cells, Percent",%,,,Blood,Hematology
51181,CD4/CD8 Ratio,Ratio,0.84,3.0,Blood,Hematology
51409,CD4/CD8 Ratio,,,,Other Body Fluid,Hematology
51181,CD4/CD8 Ratio,,,,Blood,Hematology
51324,CD41,,,,Bone Marrow,Hematology
51182,CD41,,,,Blood,Hematology
51410,CD41,,,,Other Body Fluid,Hematology
51411,CD45,,,,Other Body Fluid,Hematology
51325,CD45,,,,Bone Marrow,Hematology
51183,CD45,,,,Blood,Hematology
51412,CD5,,,,Other Body Fluid,Hematology
51184,CD5,,,,Blood,Hematology
51326,CD5,,,,Bone Marrow,Hematology
51185,CD5 %,%,,,Blood,Hematology
51186,CD5 Absolute Count,#/uL,,,Blood,Hematology
51187,CD55,,,,Blood,Hematology
51327,CD55,,,,Bone Marrow,Hematology
51188,CD56,,,,Blood,Hematology
51328,CD56,,,,Bone Marrow,Hematology
51413,CD56,,,,Other Body Fluid,Hematology
52092,CD56 %,%,,,Blood,Hematology
52093,CD56 Absolute Count,#/uL,,,Blood,Hematology
51189,CD57,,,,Blood,Hematology
51329,CD57,,,,Bone Marrow,Hematology
51414,CD57,,,,Other Body Fluid,Hematology
51190,CD59,,,,Blood,Hematology
51330,CD59,,,,Bone Marrow,Hematology
51191,CD64,,,,Blood,Hematology
51331,CD64,,,,Bone Marrow,Hematology
51415,CD64,,,,Other Body Fluid,Hematology
51192,CD7,,,,Blood,Hematology
51416,CD7,,,,Other Body Fluid,Hematology
51332,CD7,,,,Bone Marrow,Hematology
51333,CD71,,,,Bone Marrow,Hematology
51193,CD71,,,,Blood,Hematology
51417,CD71,,,,Other Body Fluid,Hematology
51418,CD8,,,,Other Body Fluid,Hematology
51334,CD8,,,,Bone Marrow,Hematology
51194,"CD8 Cells, Percent",%,,,Blood,Hematology
51956,CDT027,,,,Stool,Chemistry
51954,CDT027,,,,Stool,Chemistry
50908,CK-MB Index,%,0.0,6.0,Blood,Chemistry
51586,CMV IgG Ab,,,,Blood,Chemistry
51587,CMV IgG Ab Value,,,,Blood,Chemistry
51588,CMV IgM Ab,,,,Blood,Chemistry
51590,CMV Interpretation,,,,Blood,Chemistry
51468,Calcium Carbonate Crystals,,,,Urine,Hematology
51468,Calcium Carbonate Crystals,/hpf,,,Urine,Hematology
51469,Calcium Oxalate Crystals,,,,Urine,Hematology
51469,Calcium Oxalate Crystals,/hpf,,,Urine,Hematology
51470,Calcium Phosphate Crystals,/hpf,,,Urine,Hematology
51470,Calcium Phosphate Crystals,,,,Urine,Hematology
51029,"Calcium, Body Fluid",mg/dL,,,Other Body Fluid,Chemistry
50893,"Calcium, Total",mg/dL,8.4,10.3,Blood,Chemistry
50893,"Calcium, Total",mg/dL,8.4,10.2,Blood,Chemistry
50893,"Calcium, Total",mg/dL,8.8,10.8,Blood,Chemistry
50893,"Calcium, Total",,,,Blood,Chemistry
51077,"Calcium, Urine",mg/dL,,,Urine,Chemistry
50803,"Calculated Bicarbonate, Whole Blood",mEq/L,21.0,30.0,Blood,Blood Gas
50894,Calculated Free Testosterone,pg/mL,0.57,11.0,Blood,Chemistry
50894,Calculated Free Testosterone,pg/mL,60.0,185.0,Blood,Chemistry
50895,Calculated TBG,Ratio,0.8,1.3,Blood,Chemistry
50896,Calculated Thyroxine (T4) Index,ug/dL,4.4,11.4,Blood,Chemistry
50804,Calculated Total CO2,mEq/L,21.0,30.0,Blood,Blood Gas
50897,Call,,,,Blood,Chemistry
51968,Camp,,,,Urine,Chemistry
50898,Cancer Antigen 27.29,U/mL,0.0,39.0,Blood,Chemistry
50899,Carbamazepine,ug/mL,4.0,12.0,Blood,Chemistry
50805,Carboxyhemoglobin,%,0.0,5.0,Blood,Blood Gas
50900,Carcinoembyronic Antigen (CEA),ng/mL,0.0,4.0,Blood,Chemistry
51970,Cben,,,,Urine,Chemistry
51471,Cellular Cast,#/lpf,0.0,0.0,Urine,Hematology
50901,Centromere,,,,Blood,Chemistry
50901,Centromere,N/A,,,Blood,Chemistry
51846,Chlamydia trachomatis,N/A,,,Other Body Fluid,Chemistry
51972,Chlamydia trachomatis,N/A,,,Urine,Chemistry
50902,Chloride,mEq/L,96.0,108.0,Blood,Chemistry
52535,Chloride,mEq/L,96.0,108.0,Blood,Chemistry
50902,Chloride,,,,Blood,Chemistry
50839,"Chloride, Ascites",mEq/L,,,Ascites,Chemistry
51030,"Chloride, Body Fluid",mEq/L,,,Other Body Fluid,Chemistry
51784,"Chloride, CSF",mEq/L,,,Cerebrospinal Fluid,Chemistry
51050,"Chloride, Pleural",mEq/L,,,Pleural,Chemistry
51062,"Chloride, Stool",mEq/L,,,Stool,Chemistry
51078,"Chloride, Urine",mEq/L,,,Urine,Chemistry
50806,"Chloride, Whole Blood",mEq/L,96.0,108.0,Blood,Blood Gas
50806,"Chloride, Whole Blood",mEq/L,100.0,112.0,Blood,Blood Gas
51472,Cholesterol Crystals,,,,Urine,Hematology
51472,Cholesterol Crystals,/hpf,,,Urine,Hematology
50903,Cholesterol Ratio (Total/HDL),Ratio,,,Blood,Chemistry
50840,"Cholesterol, Ascites",mg/dL,,,Ascites,Chemistry
51031,"Cholesterol, Body Fluid",mg/dL,,,Other Body Fluid,Chemistry
50904,"Cholesterol, HDL",mg/dL,,,Blood,Chemistry
50904,"Cholesterol, HDL",mg/dL,41.0,999.0,Blood,Chemistry
50905,"Cholesterol, LDL, Calculated",mg/dL,0.0,129.0,Blood,Chemistry
50906,"Cholesterol, LDL, Measured",mg/dL,0.0,129.0,Blood,Chemistry
51051,"Cholesterol, Pleural",mg/dL,,,Pleural,Chemistry
50907,"Cholesterol, Total",mg/dL,0.0,199.0,Blood,Chemistry
51079,"Cocaine, Urine",,,,Urine,Chemistry
51079,"Cocaine, Urine",N/A,,,Urine,Chemistry
51195,Collagen,,,,Blood,Hematology
50909,Cortisol,ug/dL,2.0,20.0,Blood,Chemistry
50909,Cortisol,,,,Blood,Chemistry
50910,Creatine Kinase (CK),IU/L,38.0,174.0,Blood,Chemistry
50910,Creatine Kinase (CK),IU/L,26.0,140.0,Blood,Chemistry
50910,Creatine Kinase (CK),IU/L,29.0,201.0,Blood,Chemistry
50910,Creatine Kinase (CK),IU/L,47.0,322.0,Blood,Chemistry
50911,"Creatine Kinase, MB Isoenzyme",ng/mL,0.0,10.0,Blood,Chemistry
50912,Creatinine,mg/dL,0.5,1.2,Blood,Chemistry
50912,Creatinine,mg/dL,0.4,1.1,Blood,Chemistry
50912,Creatinine,mg/dL,0.0,0.7,Blood,Chemistry
52546,Creatinine,mg/dL,0.4,1.1,Blood,Chemistry
52546,Creatinine,mg/dL,0.5,1.2,Blood,Chemistry
50912,Creatinine,,,,Blood,Chemistry
51080,Creatinine Clearance,mL/min,85.0,125.0,Urine,Chemistry
51080,Creatinine Clearance,mL/min,75.0,115.0,Urine,Chemistry
50841,"Creatinine, Ascites",mg/dL,,,Ascites,Chemistry
51032,"Creatinine, Body Fluid",mg/dL,,,Other Body Fluid,Chemistry
51021,"Creatinine, Joint Fluid",mg/dL,,,Joint Fluid,Chemistry
51052,"Creatinine, Pleural",mg/dL,,,Pleural,Chemistry
51081,"Creatinine, Serum",mg/dL,,,Urine,Chemistry
51082,"Creatinine, Urine",mg/dL,,,Urine,Chemistry
52024,"Creatinine, Whole Blood",mg/dL,0.5,1.2,Blood,Blood Gas
52024,"Creatinine, Whole Blood",mg/dL,0.4,1.1,Blood,Blood Gas
50913,Cryoglobulin,,,,Blood,Chemistry
50913,Cryoglobulin,N/A,,,Blood,Chemistry
50914,Cyclosporin,ng/mL,100.0,400.0,Blood,Chemistry
51473,Cysteine Crystals,,,,Urine,Hematology
51473,Cysteine Crystals,/hpf,,,Urine,Hematology
51598,Cytomegalovirus Viral Load,log10 IU/mL,0.0,0.0,Blood,Chemistry
50915,D-Dimer,ng/mL,0.0,500.0,Blood,Chemistry
51196,D-Dimer,ng/mL,0.0,500.0,Blood,Hematology
51196,D-Dimer,ng/mL FEU,0.0,500.0,Blood,Hematology
51196,D-Dimer,,,,Blood,Hematology
50915,D-Dimer,ng/mL FEU,0.0,500.0,Blood,Chemistry
52551,D-Dimer,ng/mL DDU,0.0,399.0,Blood,Chemistry
50916,DHEA-Sulfate,ug/dL,60.9,337.0,Blood,Chemistry
50916,DHEA-Sulfate,ug/dL,98.8,340.0,Blood,Chemistry
50916,DHEA-Sulfate,ug/dL,9.4,246.0,Blood,Chemistry
50916,DHEA-Sulfate,ug/dL,35.4,256.0,Blood,Chemistry
50916,DHEA-Sulfate,ug/dL,148.0,407.0,Blood,Chemistry
50916,DHEA-Sulfate,ug/dL,18.9,205.0,Blood,Chemistry
50916,DHEA-Sulfate,ug/dL,12.0,154.0,Blood,Chemistry
50916,DHEA-Sulfate,ug/dL,51.7,295.0,Blood,Chemistry
50916,DHEA-Sulfate,ug/dL,65.1,368.0,Blood,Chemistry
50916,DHEA-Sulfate,ug/dL,33.6,249.0,Blood,Chemistry
50916,DHEA-Sulfate,ug/dL,211.0,492.0,Blood,Chemistry
50916,DHEA-Sulfate,ug/dL,16.2,123.0,Blood,Chemistry
50916,DHEA-Sulfate,ug/dL,88.9,427.0,Blood,Chemistry
50916,DHEA-Sulfate,ug/dL,44.3,331.0,Blood,Chemistry
50916,DHEA-Sulfate,ug/dL,31.6,431.0,Blood,Chemistry
50916,DHEA-Sulfate,ug/dL,160.0,449.0,Blood,Chemistry
50916,DHEA-Sulfate,ug/dL,108.0,607.0,Blood,Chemistry
50916,DHEA-Sulfate,ug/dL,0.47,19.4,Blood,Chemistry
50916,DHEA-Sulfate,ug/dL,3.4,124.0,Blood,Chemistry
50917,Digoxin,ng/mL,0.9,2.0,Blood,Chemistry
50917,Digoxin,ng/mL,0.6,1.2,Blood,Chemistry
51978,DirList,,,,Urine,Chemistry
51608,DirLst,,,,Blood,Chemistry
50918,Double Stranded DNA,U/mL,,,Blood,Chemistry
50918,Double Stranded DNA,N/A,,,Blood,Chemistry
50919,EDTA Hold,,,,Blood,Chemistry
51762,EE1,,,,Blood,Chemistry
51763,EE2,,,,Blood,Chemistry
51765,EE3,,,,Blood,Chemistry
51767,EE5,,,,Blood,Chemistry
51768,EE6,,,,Blood,Chemistry
51764,EE7,,,,Blood,Chemistry
52111,Echinocytes,,,,Blood,Hematology
52111,Echinocytes,N/A,,,Blood,Hematology
51197,Elliptocytes,N/A,,,Blood,Hematology
51197,Elliptocytes,,,,Blood,Hematology
51198,Envelope Cells,,,,Blood,Hematology
51198,Envelope Cells,N/A,,,Blood,Hematology
51199,Eosinophil Count,#/uL,0.0,440.0,Blood,Hematology
51200,Eosinophils,%,1.0,7.0,Blood,Hematology
51200,Eosinophils,%,0.0,4.0,Blood,Hematology
51200,Eosinophils,%,2.0,6.0,Blood,Hematology
51200,Eosinophils,%,2.0,7.0,Blood,Hematology
51444,Eosinophils,%,0.0,0.0,Pleural,Hematology
52256,Eosinophils,%,,,Cerebrospinal Fluid,Hematology
51419,Eosinophils,%,0.0,0.0,Other Body Fluid,Hematology
51200,Eosinophils,%,1.0,6.0,Blood,Hematology
51114,Eosinophils,%,0.0,0.0,Ascites,Hematology
51368,Eosinophils,%,0.0,0.0,Joint Fluid,Hematology
51200,Eosinophils,%,1.0,4.0,Blood,Hematology
51474,Eosinophils,,,,Urine,Hematology
51201,Epinepherine,,,,Blood,Hematology
51475,Epithelial Casts,#/lpf,0.0,0.0,Urine,Hematology
51476,Epithelial Cells,#/hpf,,,Urine,Hematology
51614,Epstein-Barr Virus  EBNA IgG Ab,,,,Blood,Chemistry
51615,Epstein-Barr Virus EBNA IgG Ab,,,,Blood,Chemistry
51616,Epstein-Barr Virus IgG Ab Value,,,,Blood,Chemistry
51617,Epstein-Barr Virus IgM Ab Value,,,,Blood,Chemistry
51618,Epstein-Barr Virus Interpretation,,,,Blood,Chemistry
51619,Epstein-Barr Virus VCA IgG Ab,,,,Blood,Chemistry
51620,Epstein-Barr Virus VCA IgM Ab,,,,Blood,Chemistry
50920,Estimated GFR (MDRD equation),,,,Blood,Chemistry
52026,Estimated GFR (MDRD equation),,,,Blood,Blood Gas
50921,Estradiol,pg/mL,8.0,45.0,Blood,Chemistry
50921,Estradiol,pg/mL,0.0,500.0,Blood,Chemistry
50922,Ethanol,mg/dL,10.0,10.0,Blood,Chemistry
51083,"Ethanol, Urine",N/A,,,Urine,Chemistry
51083,"Ethanol, Urine",,,,Urine,Chemistry
51621,Ethylene Glycol,mg/dL,10.0,10.0,Blood,Chemistry
51335,FMC-7,,,,Bone Marrow,Hematology
51420,FMC-7,,,,Other Body Fluid,Hematology
51215,FMC-7,,,,Blood,Hematology
51202,Factor II,%,85.0,145.0,Blood,Hematology
51202,Factor II,%,50.0,150.0,Blood,Hematology
51202,Factor II,%,51.0,85.0,Blood,Hematology
51203,Factor IX,%,50.0,150.0,Blood,Hematology
51203,Factor IX,%,70.0,165.0,Blood,Hematology
51203,Factor IX,%,50.0,200.0,Blood,Hematology
51203,Factor IX,%,36.0,66.0,Blood,Hematology
51203,Factor IX,%,47.0,101.0,Blood,Hematology
52113,Factor IX Inhibitor,BU,0.0,0.03,Blood,Hematology
51204,Factor V,%,80.0,116.0,Blood,Hematology
51204,Factor V,%,50.0,140.0,Blood,Hematology
51204,Factor V,%,50.0,150.0,Blood,Hematology
51205,Factor VII,%,65.0,180.0,Blood,Hematology
51205,Factor VII,%,50.0,150.0,Blood,Hematology
51205,Factor VII,%,66.0,114.0,Blood,Hematology
51206,Factor VIII,%,50.0,200.0,Blood,Hematology
51206,Factor VIII,%,50.0,150.0,Blood,Hematology
51206,Factor VIII,%,58.0,124.0,Blood,Hematology
51206,Factor VIII,%,59.0,142.0,Blood,Hematology
51207,Factor VIII Inhibitor,,,,Blood,Hematology
51207,Factor VIII Inhibitor,N/A,0.0,0.03,Blood,Hematology
51208,Factor X,%,80.0,160.0,Blood,Hematology
51208,Factor X,%,50.0,150.0,Blood,Hematology
51208,Factor X,%,45.0,73.0,Blood,Hematology
51209,Factor XI,%,65.0,155.0,Blood,Hematology
51209,Factor XI,%,50.0,150.0,Blood,Hematology
51209,Factor XI,%,40.0,66.0,Blood,Hematology
51209,Factor XI,%,80.0,180.0,Blood,Hematology
51210,Factor XII,%,50.0,180.0,Blood,Hematology
51210,Factor XII,%,40.0,150.0,Blood,Hematology
51210,Factor XII,%,60.0,200.0,Blood,Hematology
51210,Factor XII,%,33.0,65.0,Blood,Hematology
51211,Factor XIII,,,,Blood,Hematology
51211,Factor XIII,%,,,Blood,Hematology
52410,Fatty Casts,#/lpf,0.0,0.0,Urine,Hematology
50923,Fax,,,,Blood,Chemistry
51980,Fentanyl,N/A,,,Urine,Chemistry
50924,Ferritin,ng/mL,13.0,150.0,Blood,Chemistry
50924,Ferritin,ng/mL,30.0,400.0,Blood,Chemistry
51212,Fetal Hemoglobin,%,,,Blood,Hematology
51033,FetalFN,,,,Other Body Fluid,Chemistry
51213,Fibrin Degradation Products,ug/mL,0.0,10.0,Blood,Hematology
51214,"Fibrinogen, Functional",mg/dL,180.0,400.0,Blood,Hematology
51214,"Fibrinogen, Functional",mg/dL,150.0,400.0,Blood,Hematology
51857,Fl Scan,,,,Other Body Fluid,Chemistry
50925,Folate,ng/mL,2.0,20.0,Blood,Chemistry
50926,Follicle Stimulating Hormone,mIU/mL,2.0,12.0,Blood,Chemistry
51216,Fragmented Cells,,,,Blood,Hematology
51216,Fragmented Cells,N/A,,,Blood,Hematology
50808,Free Calcium,mmol/L,1.12,1.32,Blood,Blood Gas
51624,Free Calcium,mmol/L,1.12,1.32,Blood,Chemistry
51477,Free Fat,,,,Urine,Hematology
51625,Free Kappa,mg/L,3.3,19.4,Blood,Chemistry
51626,Free Kappa/Free Lambda Ratio,,0.26,1.65,Blood,Chemistry
51627,Free Lambda,mg/L,5.7,26.3,Blood,Chemistry
52123,"G6PD, Qualitative",N/A,,,Blood,Hematology
52421,GATE,,,,Urine,Hematology
50927,Gamma Glutamyltransferase,IU/L,5.0,36.0,Blood,Chemistry
50927,Gamma Glutamyltransferase,IU/L,8.0,61.0,Blood,Chemistry
50929,Gentamicin,ug/mL,5.0,10.0,Blood,Chemistry
50930,Globulin,g/dL,2.0,4.0,Blood,Chemistry
51478,Glucose,mg/dL,,,Urine,Hematology
50931,Glucose,mg/dL,70.0,105.0,Blood,Chemistry
50809,Glucose,mg/dL,70.0,105.0,Blood,Blood Gas
51478,Glucose,mg/dL,0.0,0.0,Urine,Hematology
50931,Glucose,mg/dL,70.0,100.0,Blood,Chemistry
52569,Glucose,mg/dL,70.0,100.0,Blood,Chemistry
50931,Glucose,mg/dL,50.0,80.0,Blood,Chemistry
50931,Glucose,mg/dL,60.0,110.0,Blood,Chemistry
51981,Glucose,mg/dL,0.0,0.0,Urine,Chemistry
50931,Glucose,,,,Blood,Chemistry
50842,"Glucose, Ascites",mg/dL,,,Ascites,Chemistry
51034,"Glucose, Body Fluid",mg/dL,,,Other Body Fluid,Chemistry
51790,"Glucose, CSF",mg/dL,,,Cerebrospinal Fluid,Chemistry
51022,"Glucose, Joint Fluid",mg/dL,,,Joint Fluid,Chemistry
51053,"Glucose, Pleural",mg/dL,,,Pleural,Chemistry
51084,"Glucose, Urine",mg/dL,,,Urine,Chemistry
51336,Glyco A,,,,Bone Marrow,Hematology
51217,Glyco A,,,,Blood,Hematology
51421,Glyco A,,,,Other Body Fluid,Hematology
51479,Granular Casts,#/lpf,0.0,0.0,Urine,Hematology
51218,Granulocyte Count,#/uL,2200.0,8250.0,Blood,Hematology
50932,Gray Top Hold (plasma),,,,Blood,Chemistry
50933,Green Top Hold (plasma),,,,Blood,Chemistry
50934,H,,,,Blood,Chemistry
50934,H,U,0.0,40.0,Blood,Chemistry
51666,H. pylori IgG Ab,,,,Blood,Chemistry
51667,H. pylori IgG Ab Value,,,,Blood,Chemistry
51219,H/O Smear,,,,Blood,Hematology
51085,"HCG, Urine, Qualitative",+/-,,,Urine,Chemistry
51085,"HCG, Urine, Qualitative",N/A,,,Urine,Chemistry
52720,"HCG, Urine, Qualitative",N/A,,,Urine,Chemistry
52720,"HCG, Urine, Qualitative",,,,Urine,Chemistry
52131,HIT-Ab Interpreted Result,N/A,,,Blood,Hematology
52132,HIT-Ab Numerical Result,U/mL,0.0,0.9,Blood,Hematology
51653,HIV 1 Ab Confirmation,,,,Blood,Chemistry
51653,HIV 1 Ab Confirmation,N/A,,,Blood,Chemistry
51654,HIV 1 Viral Load,log10 cop/mL,0.0,0.0,Blood,Chemistry
51654,HIV 1 Viral Load,log10 copies/mL,0.0,0.0,Blood,Chemistry
51791,HIV 1 Viral Load,log10 copies/mL,0.0,0.0,Cerebrospinal Fluid,Chemistry
51655,HIV 2 Ab Confirmation,N/A,,,Blood,Chemistry
51655,HIV 2 Ab Confirmation,,,,Blood,Chemistry
50944,HIV Antibody,,,,Blood,Chemistry
50944,HIV Antibody,N/A,,,Blood,Chemistry
51230,HLA-DR,,,,Blood,Hematology
51423,HLA-DR,,,,Other Body Fluid,Hematology
51337,HLA-DR,,,,Bone Marrow,Hematology
51657,HPE1,,,,Blood,Chemistry
51658,HPE2,,,,Blood,Chemistry
51659,HPE3,,,,Blood,Chemistry
51660,HPE4,,,,Blood,Chemistry
51661,HPE5,,,,Blood,Chemistry
51662,HPE6,,,,Blood,Chemistry
51663,HPE7,,,,Blood,Chemistry
51664,HPE8,,,,Blood,Chemistry
51665,HPE9,,,,Blood,Chemistry
50935,Haptoglobin,mg/dL,30.0,200.0,Blood,Chemistry
51220,Heinz Body Prep,,,,Blood,Hematology
51220,Heinz Body Prep,N/A,,,Blood,Hematology
51221,Hematocrit,%,40.0,52.0,Blood,Hematology
51221,Hematocrit,%,40.0,51.0,Blood,Hematology
51221,Hematocrit,%,36.0,48.0,Blood,Hematology
51221,Hematocrit,%,34.0,45.0,Blood,Hematology
51221,Hematocrit,%,35.0,51.0,Blood,Hematology
51638,Hematocrit,%,34.0,45.0,Blood,Chemistry
51638,Hematocrit,%,40.0,51.0,Blood,Chemistry
51221,Hematocrit,%,34.0,48.0,Blood,Hematology
51480,Hematocrit,%,,,Urine,Hematology
51221,Hematocrit,,,,Blood,Hematology
51115,"Hematocrit, Ascites",%,0.0,0.0,Ascites,Hematology
52257,"Hematocrit, CSF",%,0.0,0.0,Cerebrospinal Fluid,Hematology
50810,"Hematocrit, Calculated",%,,,Blood,Blood Gas
51369,"Hematocrit, Joint Fluid",%,0.0,0.0,Joint Fluid,Hematology
51422,"Hematocrit, Other Fluid",%,0.0,0.0,Other Body Fluid,Hematology
51445,"Hematocrit, Pleural",%,0.0,0.0,Pleural,Hematology
50811,Hemoglobin,g/dL,14.0,18.0,Blood,Blood Gas
51222,Hemoglobin,g/dL,14.0,18.0,Blood,Hematology
51222,Hemoglobin,g/dL,12.0,16.0,Blood,Hematology
51222,Hemoglobin,g/dL,13.7,17.5,Blood,Hematology
51222,Hemoglobin,g/dL,11.2,15.7,Blood,Hematology
50811,Hemoglobin,g/dL,12.0,16.0,Blood,Blood Gas
51222,Hemoglobin,g/dL,10.4,15.8,Blood,Hematology
51222,Hemoglobin,g/dL,9.5,15.8,Blood,Hematology
51222,Hemoglobin,g/dL,10.2,15.2,Blood,Hematology
51222,Hemoglobin,,,,Blood,Hematology
51223,Hemoglobin A2,%,2.2,3.3,Blood,Hematology
51223,Hemoglobin A2,%,2.5,3.3,Blood,Hematology
51224,Hemoglobin C,%,0.0,0.0,Blood,Hematology
51225,Hemoglobin F,%,0.0,2.0,Blood,Hematology
52129,Hemoglobin Other,%,,,Blood,Hematology
51645,"Hemoglobin, Calculated",g/dL,13.7,17.5,Blood,Chemistry
51645,"Hemoglobin, Calculated",g/dL,11.2,15.7,Blood,Chemistry
51226,Hemogloblin A,%,,,Blood,Hematology
51227,Hemogloblin S,%,0.0,0.0,Blood,Hematology
51481,Hemosiderin,,,,Urine,Hematology
51481,Hemosiderin,N/A,,,Urine,Hematology
51228,Heparin,IU/mL,0.3,0.7,Blood,Hematology
51228,Heparin,U/mL,0.3,0.7,Blood,Hematology
51229,"Heparin, LMW",IU/mL,0.6,1.0,Blood,Hematology
51229,"Heparin, LMW",U/mL,,,Blood,Hematology
51229,"Heparin, LMW",IU/mL,,,Blood,Hematology
50937,Hepatitis A Virus Antibody,,,,Blood,Chemistry
50937,Hepatitis A Virus Antibody,N/A,,,Blood,Chemistry
50937,Hepatitis A Virus Antibody,Pos/Neg,,,Blood,Chemistry
50938,Hepatitis A Virus IgM Antibody,,,,Blood,Chemistry
50938,Hepatitis A Virus IgM Antibody,N/A,,,Blood,Chemistry
50939,"Hepatitis B Core Antibody, IgM",,,,Blood,Chemistry
50939,"Hepatitis B Core Antibody, IgM",N/A,,,Blood,Chemistry
50940,Hepatitis B Surface Antibody,,,,Blood,Chemistry
50940,Hepatitis B Surface Antibody,N/A,,,Blood,Chemistry
50941,Hepatitis B Surface Antigen,,,,Blood,Chemistry
50941,Hepatitis B Surface Antigen,N/A,,,Blood,Chemistry
51648,Hepatitis B Viral Load,log10 IU/mL,0.0,0.0,Blood,Chemistry
50942,Hepatitis B Virus Core Antibody,,,,Blood,Chemistry
50942,Hepatitis B Virus Core Antibody,N/A,,,Blood,Chemistry
51651,Hepatitis C Viral Load,log10 IU/mL,0.0,0.0,Blood,Chemistry
50943,Hepatitis C Virus Antibody,,,,Blood,Chemistry
50943,Hepatitis C Virus Antibody,N/A,,,Blood,Chemistry
51652,High-Sensitivity CRP,mg/L,,,Blood,Chemistry
50945,Homocysteine,umol/L,0.0,15.0,Blood,Chemistry
50945,Homocysteine,umol/L,4.5,12.4,Blood,Chemistry
51231,Howell-Jolly Bodies,N/A,,,Blood,Hematology
51231,Howell-Jolly Bodies,,,,Blood,Hematology
50946,Human Chorionic Gonadotropin,mIU/mL,0.0,100000.0,Blood,Chemistry
51482,Hyaline Casts,#/lpf,0.0,0.0,Urine,Hematology
52055,Hyperseg,%,0.0,0.0,Ascites,Hematology
51232,Hypersegmented Neutrophils,%,0.0,0.0,Blood,Hematology
52355,Hypersegmented Neutrophils,%,0.0,0.0,Other Body Fluid,Hematology
51483,Hyphenated Yeast,,,,Urine,Hematology
51233,Hypochromia,,,,Blood,Hematology
51233,Hypochromia,N/A,,,Blood,Hematology
50947,I,,,,Blood,Chemistry
50947,I,U,0.0,10.0,Blood,Chemistry
51237,INR(PT),,0.9,1.1,Blood,Hematology
51675,INR(PT),,0.9,1.1,Blood,Chemistry
51237,INR(PT),,,,Blood,Hematology
52135,Immature Granulocytes,%,,,Blood,Hematology
52135,Immature Granulocytes,%,0.0,0.6,Blood,Hematology
52135,Immature Granulocytes,%,0.0,1.7,Blood,Hematology
52135,Immature Granulocytes,%,0.0,0.9,Blood,Hematology
52135,Immature Granulocytes,%,0.0,1.3,Blood,Hematology
52135,Immature Granulocytes,%,0.0,0.8,Blood,Hematology
50948,Immunofixation,,,,Blood,Chemistry
51086,"Immunofixation, Urine",,,,Urine,Chemistry
50949,Immunoglobulin A,mg/dL,70.0,400.0,Blood,Chemistry
50950,Immunoglobulin G,mg/dL,700.0,1600.0,Blood,Chemistry
50951,Immunoglobulin M,mg/dL,40.0,230.0,Blood,Chemistry
51338,Immunophenotyping,,,,Bone Marrow,Hematology
51424,Immunophenotyping,,,,Other Body Fluid,Hematology
51234,Immunophenotyping,,,,Blood,Hematology
52262,Immunophenotyping,,,,Cerebrospinal Fluid,Hematology
51865,Influenza A by PCR,,,,Other Body Fluid,Chemistry
51864,Influenza A by PCR,,,,Other Body Fluid,Chemistry
51869,"Influenza A, Rapid Antigen",,,,Other Body Fluid,Chemistry
51870,"Influenza A, Rapid Antigen",,,,Other Body Fluid,Chemistry
51873,Influenza B by PCR,,,,Other Body Fluid,Chemistry
51872,Influenza B by PCR,,,,Other Body Fluid,Chemistry
51874,"Influenza B, Rapid Antigen",,,,Other Body Fluid,Chemistry
51875,"Influenza B, Rapid Antigen",,,,Other Body Fluid,Chemistry
51235,Inhibitor Screen,,,,Blood,Hematology
51236,Inpatient Hematology/Oncology Smear,,,,Blood,Hematology
50812,Intubated,,,,Blood,Blood Gas
50952,Iron,ug/dL,45.0,160.0,Blood,Chemistry
50952,Iron,ug/dL,30.0,160.0,Blood,Chemistry
50953,"Iron Binding Capacity, Total",ug/dL,260.0,470.0,Blood,Chemistry
52992,Iron Stain,,,,Bone Marrow,Hematology
51370,"Joint Crystals, Birefringence",,,,Joint Fluid,Hematology
51372,"Joint Crystals, Location",,,,Joint Fluid,Hematology
51373,"Joint Crystals, Number",,,,Joint Fluid,Hematology
51374,"Joint Crystals, Shape",,,,Joint Fluid,Hematology
51677,K (GREEN),mEq/L,3.3,5.1,Blood,Chemistry
51238,Kappa,,,,Blood,Hematology
51425,Kappa,,,,Other Body Fluid,Hematology
51340,Kappa,,,,Bone Marrow,Hematology
51484,Ketone,mg/dL,0.0,0.0,Urine,Hematology
51484,Ketone,mg/dL,,,Urine,Hematology
51984,Ketone,mg/dL,0.0,0.0,Urine,Chemistry
51678,L,,,,Blood,Chemistry
51678,L,U,0.0,60.0,Blood,Chemistry
51035,"LD, Body Fluid",IU/L,,,Other Body Fluid,Chemistry
51023,"LD, Joint Fluid",IU/L,,,Joint Fluid,Chemistry
51242,LUC,%,,,Blood,Hematology
50813,Lactate,mmol/L,0.5,2.0,Blood,Blood Gas
50954,Lactate Dehydrogenase (LD),IU/L,94.0,250.0,Blood,Chemistry
50954,Lactate Dehydrogenase (LD),IU/L,290.0,775.0,Blood,Chemistry
50954,Lactate Dehydrogenase (LD),IU/L,180.0,430.0,Blood,Chemistry
50954,Lactate Dehydrogenase (LD),IU/L,545.0,2000.0,Blood,Chemistry
50843,"Lactate Dehydrogenase, Ascites",IU/L,,,Ascites,Chemistry
51795,"Lactate Dehydrogenase, CSF",IU/L,,,Cerebrospinal Fluid,Chemistry
51054,"Lactate Dehydrogenase, Pleural",IU/L,,,Pleural,Chemistry
51426,Lambda,,,,Other Body Fluid,Hematology
51239,Lambda,,,,Blood,Hematology
51341,Lambda,,,,Bone Marrow,Hematology
51240,Large Platelets,,,,Blood,Hematology
51087,Length of Urine Collection,,,,Urine,Chemistry
51485,Leucine Crystals,,,,Urine,Hematology
51241,Leukocyte Alkaline Phosphatase,Score,30.0,130.0,Blood,Hematology
51486,Leukocytes,,,,Urine,Hematology
51486,Leukocytes,N/A,,,Urine,Hematology
51985,Leukocytes,,,,Urine,Chemistry
51985,Leukocytes,N/A,,,Urine,Chemistry
50955,Light Green Top Hold,,,,Blood,Chemistry
52263,Lining Cell,%,,,Cerebrospinal Fluid,Hematology
52358,Lining Cell,%,,,Other Body Fluid,Hematology
52301,Lining Cell,%,,,Joint Fluid,Hematology
50956,Lipase,IU/L,0.0,60.0,Blood,Chemistry
50844,"Lipase, Ascites",U/L,,,Ascites,Chemistry
51036,"Lipase, Body Fluid",U/L,,,Other Body Fluid,Chemistry
51055,"Lipase, Pleural",U/L,,,Pleural,Chemistry
50957,Lithium,mmol/L,0.5,1.5,Blood,Chemistry
51243,Lupus Anticoagulant,N/A,,,Blood,Hematology
51243,Lupus Anticoagulant,,,,Blood,Hematology
50958,Luteinizing Hormone,mIU/mL,2.0,10.0,Blood,Chemistry
50958,Luteinizing Hormone,mIU/mL,2.0,100.0,Blood,Chemistry
51688,Lyme C6 Ab,,,,Blood,Chemistry
51689,Lyme G and M Value,,,,Blood,Chemistry
51244,Lymphocytes,%,18.0,42.0,Blood,Hematology
51244,Lymphocytes,%,19.0,53.0,Blood,Hematology
51244,Lymphocytes,%,40.0,70.0,Blood,Hematology
51446,Lymphocytes,%,0.0,0.0,Pleural,Hematology
51116,Lymphocytes,%,0.0,0.0,Ascites,Hematology
51244,Lymphocytes,%,11.0,41.0,Blood,Hematology
51375,Lymphocytes,%,0.0,75.0,Joint Fluid,Hematology
51427,Lymphocytes,%,0.0,0.0,Other Body Fluid,Hematology
51244,Lymphocytes,%,8.0,57.0,Blood,Hematology
51244,Lymphocytes,%,12.0,70.0,Blood,Hematology
51244,Lymphocytes,%,7.0,59.0,Blood,Hematology
51244,Lymphocytes,%,37.0,73.0,Blood,Hematology
51245,"Lymphocytes, Percent",%,18.0,42.0,Blood,Hematology
51245,"Lymphocytes, Percent",%,19.0,53.0,Blood,Hematology
51245,"Lymphocytes, Percent",%,8.0,57.0,Blood,Hematology
52264,Lymphs,%,,,Cerebrospinal Fluid,Hematology
51248,MCH,pg,27.0,32.0,Blood,Hematology
51248,MCH,pg,26.0,32.0,Blood,Hematology
51248,MCH,pg,23.0,31.0,Blood,Hematology
51248,MCH,,,,Blood,Hematology
51249,MCHC,%,31.0,35.0,Blood,Hematology
51249,MCHC,g/dL,32.0,37.0,Blood,Hematology
51249,MCHC,g/dL,31.0,35.0,Blood,Hematology
51249,MCHC,,,,Blood,Hematology
51250,MCV,fL,82.0,98.0,Blood,Hematology
51250,MCV,fL,78.0,102.0,Blood,Hematology
51250,MCV,fL,78.0,94.0,Blood,Hematology
51250,MCV,fL,75.0,92.0,Blood,Hematology
51250,MCV,,,,Blood,Hematology
51877,MRSA PCR,,,,Other Body Fluid,Chemistry
50959,Macro Prolactin,,,,Blood,Chemistry
51247,MacroOvalocytes,N/A,,,Blood,Hematology
51247,MacroOvalocytes,,,,Blood,Hematology
51246,Macrocytes,,,,Blood,Hematology
51246,Macrocytes,N/A,,,Blood,Hematology
52266,Macrophage,%,,,Cerebrospinal Fluid,Hematology
51117,Macrophage,%,0.0,0.0,Ascites,Hematology
51376,Macrophage,%,0.0,70.0,Joint Fluid,Hematology
51428,Macrophage,%,0.0,0.0,Other Body Fluid,Hematology
51447,Macrophages,%,0.0,0.0,Pleural,Hematology
50960,Magnesium,mg/dL,1.6,2.6,Blood,Chemistry
50960,Magnesium,mg/dL,1.5,2.2,Blood,Chemistry
50960,Magnesium,,,,Blood,Chemistry
51037,"Magnesium, Body Fluid",mg/dL,,,Other Body Fluid,Chemistry
51088,"Magnesium, Urine",mg/dL,,,Urine,Chemistry
51089,Marijuana,,,,Urine,Chemistry
51089,Marijuana,N/A,,,Urine,Chemistry
51118,Mesothelial Cell,%,0.0,0.0,Ascites,Hematology
51448,Mesothelial Cells,%,0.0,0.0,Pleural,Hematology
51377,Mesothelial Cells,%,0.0,0.0,Joint Fluid,Hematology
51429,Mesothelial cells,%,0.0,0.0,Other Body Fluid,Hematology
52268,Mesothelial cells,%,,,Cerebrospinal Fluid,Hematology
51251,Metamyelocytes,%,0.0,0.0,Blood,Hematology
52270,Metamyelocytes,%,,,Cerebrospinal Fluid,Hematology
51449,Metamyelocytes,%,0.0,0.0,Pleural,Hematology
51119,Metamyelocytes,%,0.0,0.0,Ascites,Hematology
51378,Metamyelocytes,%,0.0,0.0,Joint Fluid,Hematology
51430,Metamyelocytes,%,0.0,0.0,Other Body Fluid,Hematology
51090,"Methadone, Urine",,,,Urine,Chemistry
51090,"Methadone, Urine",N/A,,,Urine,Chemistry
50814,Methemoglobin,%,0.0,2.0,Blood,Blood Gas
50961,Methotrexate,umol/L,,,Blood,Chemistry
50961,Methotrexate,umol/L,0.0,0.2,Blood,Chemistry
51252,Microcytes,,,,Blood,Hematology
51252,Microcytes,N/A,,,Blood,Hematology
50845,"Miscellaneous, Ascites",,,,Ascites,Chemistry
51038,"Miscellaneous, Body Fluid",,,,Other Body Fluid,Chemistry
51796,"Miscellaneous, CSF",,,,Cerebrospinal Fluid,Chemistry
51056,"Miscellaneous, Pleural",,,,Pleural,Chemistry
51253,Monocyte Count,#/uL,80.0,1210.0,Blood,Hematology
51254,Monocytes,%,2.0,11.0,Blood,Hematology
51254,Monocytes,%,5.0,13.0,Blood,Hematology
51120,Monocytes,%,0.0,0.0,Ascites,Hematology
51254,Monocytes,%,2.0,15.0,Blood,Hematology
51379,Monocytes,%,0.0,70.0,Joint Fluid,Hematology
52272,Monocytes,%,,,Cerebrospinal Fluid,Hematology
51254,Monocytes,%,4.0,13.0,Blood,Hematology
51254,Monocytes,%,4.0,17.0,Blood,Hematology
51254,Monocytes,%,5.0,19.0,Blood,Hematology
51254,Monocytes,%,4.0,9.0,Blood,Hematology
51450,Monos,%,0.0,0.0,Pleural,Hematology
51431,Monos,%,0.0,0.0,Other Body Fluid,Hematology
51692,"Monospot, Rapid Antigen",,,,Blood,Chemistry
51693,Mumps IgG Ab,,,,Blood,Chemistry
51694,Mumps IgG Ab Value,,,,Blood,Chemistry
51255,Myelocytes,%,0.0,0.0,Blood,Hematology
52274,Myelocytes,%,,,Cerebrospinal Fluid,Hematology
51121,Myelocytes,%,0.0,0.0,Ascites,Hematology
51451,Myelocytes,%,0.0,0.0,Pleural,Hematology
51432,Myelocytes,%,0.0,0.0,Other Body Fluid,Hematology
52305,Myelocytes,%,0.0,0.0,Joint Fluid,Hematology
51091,"Myoglobin, Urine",,,,Urine,Chemistry
50962,N-Acetylprocainamide (NAPA),ug/mL,0.0,30.0,Blood,Chemistry
52276,NRBC,%,,,Cerebrospinal Fluid,Hematology
51380,NRBC,%,0.0,0.0,Joint Fluid,Hematology
51452,NRBC,%,0.0,0.0,Pleural,Hematology
51433,NRBC,%,0.0,0.0,Other Body Fluid,Hematology
50963,NTproBNP,pg/mL,0.0,177.0,Blood,Chemistry
50963,NTproBNP,pg/mL,0.0,353.0,Blood,Chemistry
50963,NTproBNP,pg/mL,0.0,624.0,Blood,Chemistry
50963,NTproBNP,pg/mL,0.0,192.0,Blood,Chemistry
50963,NTproBNP,pg/mL,0.0,229.0,Blood,Chemistry
50963,NTproBNP,pg/mL,0.0,138.0,Blood,Chemistry
50963,NTproBNP,pg/mL,0.0,852.0,Blood,Chemistry
50963,NTproBNP,pg/mL,0.0,226.0,Blood,Chemistry
50963,NTproBNP,pg/mL,0.0,93.0,Blood,Chemistry
50963,NTproBNP,pg/mL,0.0,178.0,Blood,Chemistry
51879,Neisseria gonorrhoeae,N/A,,,Other Body Fluid,Chemistry
51986,Neisseria gonorrhoeae,N/A,,,Urine,Chemistry
51256,Neutrophils,%,34.0,71.0,Blood,Hematology
51256,Neutrophils,%,50.0,70.0,Blood,Hematology
51256,Neutrophils,%,14.0,42.0,Blood,Hematology
51256,Neutrophils,%,20.0,40.0,Blood,Hematology
51256,Neutrophils,%,23.0,58.0,Blood,Hematology
51256,Neutrophils,%,14.0,67.0,Blood,Hematology
51256,Neutrophils,%,30.0,77.0,Blood,Hematology
51697,Neutrophils,mmol/L,0.5,2.0,Blood,Chemistry
51487,Nitrite,N/A,,,Urine,Hematology
51487,Nitrite,,,,Urine,Hematology
51987,Nitrite,,,,Urine,Chemistry
51987,Nitrite,N/A,,,Urine,Chemistry
51488,Non-squamous Epithelial Cells,#/hpf,,,Urine,Hematology
51489,NonSquamous Epithelial Cell,#/hpf,,,Urine,Hematology
51945,Norovirus Genogroup I,,,,Stool,Chemistry
51946,Norovirus Genogroup II,,,,Stool,Chemistry
51122,Nucleated RBC,%,0.0,0.0,Ascites,Hematology
51257,Nucleated Red Cells,%,0.0,0.0,Blood,Hematology
50815,O2 Flow,L/min,,,Blood,Blood Gas
51092,"Opiate Screen, Urine",N/A,,,Urine,Chemistry
51092,"Opiate Screen, Urine",,,,Urine,Chemistry
50846,"Osmolality, Ascites",mOsm/kg,,,Ascites,Chemistry
51039,"Osmolality, Body Fluid",mOsm/kg,,,Other Body Fluid,Chemistry
50964,"Osmolality, Measured",mOsm/kg,275.0,310.0,Blood,Chemistry
51063,"Osmolality, Stool",mOsm/kg,,,Stool,Chemistry
51093,"Osmolality, Urine",mOsm/kg,,,Urine,Chemistry
51258,Osmotic Fragility,,,,Blood,Hematology
51453,Other,%,0.0,0.0,Pleural,Hematology
52278,Other,%,,,Cerebrospinal Fluid,Hematology
51123,Other,%,0.0,0.0,Ascites,Hematology
51381,Other,%,0.0,0.0,Joint Fluid,Hematology
51434,Other Cell,%,0.0,0.0,Other Body Fluid,Hematology
51259,Other Cells,%,0.0,0.0,Blood,Hematology
51490,Oval Fat Body,,,,Urine,Hematology
51490,Oval Fat Body,/hpf,,,Urine,Hematology
51260,Ovalocytes,,,,Blood,Hematology
51260,Ovalocytes,N/A,,,Blood,Hematology
51989,Oxycodone,N/A,,,Urine,Chemistry
51989,Oxycodone,,,,Urine,Chemistry
50816,Oxygen,%,,,Blood,Blood Gas
50817,Oxygen Saturation,%,,,Blood,Blood Gas
52032,P50 of Hemoglobin,mm Hg,22.0,30.0,Blood,Blood Gas
52018,PAN1,,,,Urine,Chemistry
51903,PAN1,,,,Other Body Fluid,Chemistry
51904,PAN2,,,,Other Body Fluid,Chemistry
52019,PAN2,,,,Urine,Chemistry
51772,PAN3,,,,Blood,Chemistry
50819,PEEP,,,,Blood,Blood Gas
51798,"PEP, CSF",,,,Cerebrospinal Fluid,Chemistry
51274,PT,sec,9.4,12.5,Blood,Hematology
51274,PT,sec,10.4,13.4,Blood,Hematology
51274,PT,sec,10.4,13.1,Blood,Hematology
51274,PT,,,,Blood,Hematology
51275,PTT,sec,25.0,36.5,Blood,Hematology
51275,PTT,sec,22.0,35.0,Blood,Hematology
51275,PTT,,,,Blood,Hematology
51261,Pappenheimer Bodies,N/A,,,Blood,Hematology
51261,Pappenheimer Bodies,,,,Blood,Hematology
50965,Parathyroid Hormone,pg/mL,15.0,65.0,Blood,Chemistry
51262,Pencil Cells,,,,Blood,Hematology
51262,Pencil Cells,N/A,,,Blood,Hematology
50966,Phenobarbital,ug/mL,10.0,40.0,Blood,Chemistry
50967,Phenytoin,ug/mL,10.0,20.0,Blood,Chemistry
50968,"Phenytoin, Free",ug/mL,1.0,2.0,Blood,Chemistry
50969,"Phenytoin, Percent Free",%,6.0,16.0,Blood,Chemistry
50970,Phosphate,mg/dL,2.7,4.5,Blood,Chemistry
50970,Phosphate,mg/dL,4.5,6.7,Blood,Chemistry
50970,Phosphate,mg/dL,4.5,9.0,Blood,Chemistry
50970,Phosphate,,,,Blood,Chemistry
51040,"Phosphate, Body Fluid",mg/dL,,,Other Body Fluid,Chemistry
51095,"Phosphate, Urine",mg/dL,,,Urine,Chemistry
51124,Plasma,%,0.0,0.0,Ascites,Hematology
52279,Plasma,%,,,Cerebrospinal Fluid,Hematology
51435,Plasma,%,0.0,0.0,Other Body Fluid,Hematology
52307,Plasma,%,0.0,0.0,Joint Fluid,Hematology
51454,Plasma Cells,%,0.0,0.0,Pleural,Hematology
51263,Plasma Cells,%,0.0,0.0,Blood,Hematology
51264,Platelet Clumps,,,,Blood,Hematology
51265,Platelet Count,K/uL,150.0,400.0,Blood,Hematology
51265,Platelet Count,K/uL,150.0,440.0,Blood,Hematology
51265,Platelet Count,,,,Blood,Hematology
51266,Platelet Smear,,,,Blood,Hematology
51266,Platelet Smear,N/A,,,Blood,Hematology
51267,Poikilocytosis,,,,Blood,Hematology
51267,Poikilocytosis,N/A,,,Blood,Hematology
51268,Polychromasia,,,,Blood,Hematology
51268,Polychromasia,N/A,,,Blood,Hematology
51382,Polys,%,0.0,25.0,Joint Fluid,Hematology
51125,Polys,%,0.0,0.0,Ascites,Hematology
52281,Polys,%,,,Cerebrospinal Fluid,Hematology
51455,Polys,%,0.0,0.0,Pleural,Hematology
51436,Polys,%,0.0,0.0,Other Body Fluid,Hematology
51096,Porphobilinogen Screen,+/-,,,Urine,Chemistry
50971,Potassium,mEq/L,3.3,5.1,Blood,Chemistry
50971,Potassium,mEq/L,3.5,5.4,Blood,Chemistry
52610,Potassium,mEq/L,3.3,5.1,Blood,Chemistry
50971,Potassium,,,,Blood,Chemistry
50847,"Potassium, Ascites",mEq/L,,,Ascites,Chemistry
51041,"Potassium, Body Fluid",mEq/L,,,Other Body Fluid,Chemistry
51057,"Potassium, Pleural",mEq/L,,,Pleural,Chemistry
51064,"Potassium, Stool",mEq/L,,,Stool,Chemistry
51097,"Potassium, Urine",mEq/L,,,Urine,Chemistry
50822,"Potassium, Whole Blood",mEq/L,3.5,5.3,Blood,Blood Gas
50822,"Potassium, Whole Blood",mEq/L,3.5,5.4,Blood,Blood Gas
50822,"Potassium, Whole Blood",mEq/L,3.3,5.1,Blood,Blood Gas
51706,Problem Specimen,,,,Blood,Chemistry
50972,Procainamide,ug/mL,4.0,10.0,Blood,Chemistry
50973,Prolactin,ng/mL,5.0,23.0,Blood,Chemistry
50973,Prolactin,ng/mL,4.0,15.0,Blood,Chemistry
51269,Promyelocytes,%,0.0,0.0,Blood,Hematology
52283,Promyelocytes,%,,,Cerebrospinal Fluid,Hematology
51456,Promyelocytes,%,0.0,0.0,Pleural,Hematology
51126,Promyelocytes,%,0.0,0.0,Ascites,Hematology
52311,Promyelocytes,%,0.0,0.0,Joint Fluid,Hematology
51437,Promyelocytes,%,0.0,0.0,Other Body Fluid,Hematology
50974,Prostate Specific Antigen,ng/mL,0.0,4.0,Blood,Chemistry
50974,Prostate Specific Antigen,,,,Blood,Chemistry
51098,"Prot. Electrophoresis, Urine",,,,Urine,Chemistry
51098,"Prot. Electrophoresis, Urine",+/-,,,Urine,Chemistry
51492,Protein,mg/dL,,,Urine,Hematology
51492,Protein,mg/dL,0.0,0.0,Urine,Hematology
51992,Protein,mg/dL,0.0,0.0,Urine,Chemistry
51270,"Protein C, Antigen",%,70.0,140.0,Blood,Hematology
51271,"Protein C, Functional",%,67.0,123.0,Blood,Hematology
51271,"Protein C, Functional",%,70.0,170.0,Blood,Hematology
51271,"Protein C, Functional",%,32.0,54.0,Blood,Hematology
50975,Protein Electrophoresis,,,,Blood,Chemistry
51272,"Protein S, Antigen",%,70.0,140.0,Blood,Hematology
51272,"Protein S, Antigen",%,36.0,64.0,Blood,Hematology
51273,"Protein S, Functional",%,50.0,150.0,Blood,Hematology
51273,"Protein S, Functional",%,51.0,133.0,Blood,Hematology
50976,"Protein, Total",g/dL,6.4,8.3,Blood,Chemistry
50976,"Protein, Total",g/dL,4.6,7.5,Blood,Chemistry
51099,Protein/Creatinine Ratio,Ratio,0.0,0.2,Urine,Chemistry
51099,Protein/Creatinine Ratio,mg/mg,0.0,0.2,Urine,Chemistry
51276,Quantitative G6PD,U/g/Hb,6.0,12.4,Blood,Hematology
51493,RBC,#/hpf,0.0,2.0,Urine,Hematology
51494,RBC Casts,#/lpf,0.0,0.0,Urine,Hematology
51495,RBC Clumps,/hpf,,,Urine,Hematology
51495,RBC Clumps,,,,Urine,Hematology
52171,RBC Morphology,N/A,,,Blood,Hematology
52171,RBC Morphology,,,,Blood,Hematology
51127,"RBC, Ascites",#/uL,0.0,0.0,Ascites,Hematology
52285,"RBC, CSF",#/uL,0.0,5.0,Cerebrospinal Fluid,Hematology
52285,"RBC, CSF",#/uL,0.0,0.0,Cerebrospinal Fluid,Hematology
52285,"RBC, CSF",#/uL,0.0,50.0,Cerebrospinal Fluid,Hematology
51383,"RBC, Joint Fluid",#/uL,0.0,0.0,Joint Fluid,Hematology
51383,"RBC, Joint Fluid",#/uL,0.0,2000.0,Joint Fluid,Hematology
51438,"RBC, Other Fluid",#/uL,0.0,0.0,Other Body Fluid,Hematology
51457,"RBC, Pleural",#/uL,0.0,0.0,Pleural,Hematology
51277,RDW,%,10.5,15.5,Blood,Hematology
51277,RDW,,,,Blood,Hematology
52172,RDW-SD,fL,35.1,46.3,Blood,Hematology
52172,RDW-SD,,,,Blood,Hematology
51722,RFXLDLM,,,,Blood,Chemistry
52424,RFXUCU,,,,Urine,Hematology
51769,RUBIgGV,,,,Blood,Chemistry
52422,RUN,,,,Urine,Hematology
50978,Rapamycin,ng/mL,5.0,15.0,Blood,Chemistry
50978,Rapamycin,ng/mL,5.0,12.0,Blood,Chemistry
51278,Red Blood Cell Fragments,,,,Blood,Hematology
51279,Red Blood Cells,m/uL,4.6,6.1,Blood,Hematology
51279,Red Blood Cells,m/uL,4.6,6.2,Blood,Hematology
51279,Red Blood Cells,m/uL,4.2,5.4,Blood,Hematology
51279,Red Blood Cells,m/uL,3.9,5.2,Blood,Hematology
51279,Red Blood Cells,m/uL,3.6,5.2,Blood,Hematology
51279,Red Blood Cells,m/uL,4.0,5.2,Blood,Hematology
51279,Red Blood Cells,m/uL,3.4,5.2,Blood,Hematology
51279,Red Blood Cells,,,,Blood,Hematology
50979,Red Top Hold,,,,Blood,Chemistry
51496,"Reducing Substances, Urine",%,0.0,0.0,Urine,Hematology
51713,Reflex Confirmatory Hepatitis C Viral Load,log10 IU/mL,0.0,0.0,Blood,Chemistry
51714,Reflex HIV Confirmation,,,,Blood,Chemistry
51497,Renal Epithelial Cells,#/hpf,,,Urine,Hematology
51280,Reptilase Time,sec,15.0,25.0,Blood,Hematology
51281,Reptilase Time Control,sec,,,Blood,Hematology
50823,Required O2,,,,Blood,Blood Gas
51282,"Reticulocyte Count, Absolute",m/uL,0.02,0.1,Blood,Hematology
51282,"Reticulocyte Count, Absolute",m/uL,0.01,0.14,Blood,Hematology
51282,"Reticulocyte Count, Absolute",m/uL,0.03,0.12,Blood,Hematology
51282,"Reticulocyte Count, Absolute",m/uL,0.08,0.25,Blood,Hematology
51282,"Reticulocyte Count, Absolute",m/uL,0.03,0.1,Blood,Hematology
51282,"Reticulocyte Count, Absolute",/mm3,55.2,198.4,Blood,Hematology
51283,"Reticulocyte Count, Automated",%,1.2,3.2,Blood,Hematology
51283,"Reticulocyte Count, Automated",%,0.4,2.0,Blood,Hematology
51283,"Reticulocyte Count, Automated",%,0.4,2.7,Blood,Hematology
51283,"Reticulocyte Count, Automated",%,2.4,4.8,Blood,Hematology
51283,"Reticulocyte Count, Automated",%,2.1,3.7,Blood,Hematology
51284,"Reticulocyte Count, Manual",%,0.5,1.5,Blood,Hematology
51284,"Reticulocyte Count, Manual",%,0.4,2.0,Blood,Hematology
51284,"Reticulocyte Count, Manual",%,2.1,3.7,Blood,Hematology
51284,"Reticulocyte Count, Manual",%,0.4,2.7,Blood,Hematology
51284,"Reticulocyte Count, Manual",%,2.4,4.8,Blood,Hematology
50980,Rheumatoid Factor,IU/mL,0.0,14.0,Blood,Chemistry
51286,Ristocetin,,,,Blood,Hematology
52176,Rouleaux,N/A,,,Blood,Hematology
51724,Rubella IgG Ab,,,,Blood,Chemistry
51725,Rubeola IgG Ab,,,,Blood,Chemistry
51726,Rubeola IgG Ab Value,,,,Blood,Chemistry
52177,SCT - Confirmation,N/A,0.0,1.16,Blood,Hematology
52178,SCT - Normalized Ratio,N/A,0.0,1.16,Blood,Hematology
52179,SCT - Screen,N/A,0.0,1.16,Blood,Hematology
52423,SKIP,,,,Urine,Hematology
51732,STX1,,,,Blood,Chemistry
51733,STX2,,,,Blood,Chemistry
51734,STX3,,,,Blood,Chemistry
51735,STX4,,,,Blood,Chemistry
51736,STX5,,,,Blood,Chemistry
51737,STX6,,,,Blood,Chemistry
50981,Salicylate,mg/dL,2.0,25.0,Blood,Chemistry
51287,Schistocytes,N/A,,,Blood,Hematology
51287,Schistocytes,,,,Blood,Hematology
51288,Sedimentation Rate,mm/hr,0.0,20.0,Blood,Hematology
51288,Sedimentation Rate,mm/hr,0.0,15.0,Blood,Hematology
51289,Serum Viscosity, ,1.4,1.8,Blood,Hematology
50982,Sex Hormone Binding Globulin,nmol/L,14.0,48.0,Blood,Chemistry
50982,Sex Hormone Binding Globulin,nmol/L,26.0,110.0,Blood,Chemistry
50982,Sex Hormone Binding Globulin,nmol/L,14.0,69.0,Blood,Chemistry
51290,Sickle Cell Preparation,N/A,,,Blood,Hematology
51290,Sickle Cell Preparation,,,,Blood,Hematology
51291,Sickle Cells,N/A,,,Blood,Hematology
51291,Sickle Cells,,,,Blood,Hematology
50983,Sodium,mEq/L,133.0,145.0,Blood,Chemistry
50983,Sodium,mEq/L,135.0,147.0,Blood,Chemistry
52623,Sodium,mEq/L,133.0,145.0,Blood,Chemistry
50983,Sodium,,,,Blood,Chemistry
50848,"Sodium, Ascites",mEq/L,,,Ascites,Chemistry
51042,"Sodium, Body Fluid",mEq/L,,,Other Body Fluid,Chemistry
51058,"Sodium, Pleural",mEq/L,,,Pleural,Chemistry
51065,"Sodium, Stool",mEq/L,,,Stool,Chemistry
51100,"Sodium, Urine",mEq/L,,,Urine,Chemistry
50824,"Sodium, Whole Blood",mEq/L,133.0,145.0,Blood,Blood Gas
50824,"Sodium, Whole Blood",mEq/L,135.0,148.0,Blood,Blood Gas
50824,"Sodium, Whole Blood",mEq/L,135.0,147.0,Blood,Blood Gas
51498,Specific Gravity, ,1.001,1.035,Urine,Hematology
51994,Specific Gravity,,1.001,1.035,Urine,Chemistry
52033,Specimen Type,,,,Blood,Blood Gas
51499,Sperm,,,,Urine,Hematology
51292,Spherocytes,N/A,,,Blood,Hematology
51292,Spherocytes,,,,Blood,Hematology
51893,Staph aureus PCR,,,,Other Body Fluid,Chemistry
50984,Stat,,,,Blood,Chemistry
52181,Stomatocyte,N/A,,,Blood,Hematology
51894,"Strep A, Rapid Antigen",,,,Other Body Fluid,Chemistry
51895,"Strep A, Rapid Antigen",,,,Other Body Fluid,Chemistry
50985,Study Tubes,,,,Blood,Chemistry
51995,Study Urine,,,,Urine,Chemistry
51500,Sulfonamides,,,,Urine,Hematology
51897,Surfactant/Albumin,mg/g,,,Other Body Fluid,Chemistry
52331,TCR Alpha-Beta,,,,Bone Marrow,Hematology
52184,TCR Alpha-Beta,,,,Blood,Hematology
52185,TCR Gamma-Delta,,,,Blood,Hematology
52332,TCR Gamma-Delta,,,,Bone Marrow,Hematology
51294,Target Cells,N/A,,,Blood,Hematology
51294,Target Cells,,,,Blood,Hematology
51295,TdT,,,,Blood,Hematology
52335,TdT,,,,Bone Marrow,Hematology
52373,TdT,,,,Other Body Fluid,Hematology
51296,Teardrop Cells,,,,Blood,Hematology
51296,Teardrop Cells,N/A,,,Blood,Hematology
50825,Temperature,,,,Blood,Blood Gas
50988,Testosterone,ng/dL,280.0,800.0,Blood,Chemistry
50988,Testosterone,ng/dL,6.0,82.0,Blood,Chemistry
50988,Testosterone,ng/dL,12.0,21.0,Blood,Chemistry
50989,"Testosterone, Free",pg/mL,7.2,23.0,Blood,Chemistry
50989,"Testosterone, Free",pg/mL,0.0,2.1,Blood,Chemistry
50989,"Testosterone, Free",pg/mL,0.0,2.6,Blood,Chemistry
50989,"Testosterone, Free",pg/mL,5.6,19.0,Blood,Chemistry
50989,"Testosterone, Free",pg/mL,8.8,27.0,Blood,Chemistry
50989,"Testosterone, Free",pg/mL,0.0,1.6,Blood,Chemistry
50990,Theophylline,ug/mL,10.0,20.0,Blood,Chemistry
51297,Thrombin,sec,10.3,16.6,Blood,Hematology
51297,Thrombin,sec,10.3,16.3,Blood,Hematology
51297,Thrombin,sec,10.0,13.0,Blood,Hematology
51297,Thrombin,sec,13.0,22.0,Blood,Hematology
51297,Thrombin,sec,16.0,20.0,Blood,Hematology
50991,Thyroglobulin,ng/mL,0.0,55.0,Blood,Chemistry
50992,Thyroid Peroxidase Antibodies,IU/mL,0.0,35.0,Blood,Chemistry
50993,Thyroid Stimulating Hormone,uIU/mL,0.27,4.2,Blood,Chemistry
50993,Thyroid Stimulating Hormone,uIU/mL,0.43,16.1,Blood,Chemistry
50993,Thyroid Stimulating Hormone,uIU/mL,5.2,14.6,Blood,Chemistry
50993,Thyroid Stimulating Hormone,uIU/mL,0.62,8.1,Blood,Chemistry
50993,Thyroid Stimulating Hormone,uU/ML,0.3,5.0,Blood,Chemistry
50994,Thyroxine (T4),ug/dL,4.6,12.0,Blood,Chemistry
50994,Thyroxine (T4),ug/dL,5.4,22.4,Blood,Chemistry
50994,Thyroxine (T4),ug/dL,5.2,23.2,Blood,Chemistry
50994,Thyroxine (T4),ug/dL,5.4,16.0,Blood,Chemistry
50995,"Thyroxine (T4), Free",ng/dL,0.93,1.7,Blood,Chemistry
50995,"Thyroxine (T4), Free",ng/dL,0.83,3.1,Blood,Chemistry
50995,"Thyroxine (T4), Free",ng/dL,0.48,2.3,Blood,Chemistry
50995,"Thyroxine (T4), Free",ng/dL,0.66,2.7,Blood,Chemistry
50826,Tidal Volume,,,,Blood,Blood Gas
50996,"Tissue Transglutaminase Ab, IgA",units,0.0,19.0,Blood,Chemistry
50997,Tobramycin,ug/mL,6.0,10.0,Blood,Chemistry
51739,Total CO2,mEq/L,22.0,32.0,Blood,Chemistry
51101,Total Collection Time,hrs,,,Urine,Chemistry
52065,"Total Nucleated Cells, Ascites",#/uL,0.0,0.0,Ascites,Hematology
52286,"Total Nucleated Cells, CSF",#/uL,,,Cerebrospinal Fluid,Hematology
52286,"Total Nucleated Cells, CSF",#/uL,0.0,5.0,Cerebrospinal Fluid,Hematology
52286,"Total Nucleated Cells, CSF",#/uL,0.0,20.0,Cerebrospinal Fluid,Hematology
52286,"Total Nucleated Cells, CSF",#/uL,0.0,7.0,Cerebrospinal Fluid,Hematology
52312,"Total Nucleated Cells, Joint",#/uL,0.0,200.0,Joint Fluid,Hematology
52312,"Total Nucleated Cells, Joint",#/uL,0.0,150.0,Joint Fluid,Hematology
52369,"Total Nucleated Cells, Other",#/uL,0.0,0.0,Other Body Fluid,Hematology
52391,"Total Nucleated Cells, Pleural",#/uL,0.0,0.0,Pleural,Hematology
50849,"Total Protein, Ascites",g/dL,,,Ascites,Chemistry
51043,"Total Protein, Body Fluid",g/dL,,,Other Body Fluid,Chemistry
51802,"Total Protein, CSF",mg/dL,15.0,45.0,Cerebrospinal Fluid,Chemistry
51024,"Total Protein, Joint Fluid",g/dL,,,Joint Fluid,Chemistry
51059,"Total Protein, Pleural",g/dL,,,Pleural,Chemistry
51102,"Total Protein, Urine",mg/dL,,,Urine,Chemistry
51741,Toxoplasma IgG Ab,,,,Blood,Chemistry
51742,Toxoplasma IgG Ab Value,,,,Blood,Chemistry
51743,Toxoplasma IgM Ab,,,,Blood,Chemistry
51744,Toxoplasma IgM Ab Value,,,,Blood,Chemistry
51745,Toxoplasma Interpretation,,,,Blood,Chemistry
50998,Transferrin,mg/dL,200.0,360.0,Blood,Chemistry
51501,Transitional Epithelial Cells,#/hpf,,,Urine,Hematology
51748,Treponema pallidum (Syphilis) Ab,,,,Blood,Chemistry
51749,Treponema pallidum (syphilis) value,,,,Blood,Chemistry
51502,Trichomonas,,,,Urine,Hematology
51502,Trichomonas,/hpf,,,Urine,Hematology
51996,Trichomonas vaginalis,N/A,,,Urine,Chemistry
51899,Trichomonas vaginalis,N/A,,,Other Body Fluid,Chemistry
50999,Tricyclic Antidepressant Screen,N/A,,,Blood,Chemistry
50999,Tricyclic Antidepressant Screen,,,,Blood,Chemistry
51044,Triglycer,mg/dL,,,Other Body Fluid,Chemistry
51000,Triglycerides,mg/dL,0.0,149.0,Blood,Chemistry
50850,"Triglycerides, Ascites",mg/dL,,,Ascites,Chemistry
51060,"Triglycerides, Pleural",mg/dL,,,Pleural,Chemistry
51001,Triiodothyronine (T3),ng/dL,80.0,200.0,Blood,Chemistry
51503,Triple Phosphate Crystals,,,,Urine,Hematology
51503,Triple Phosphate Crystals,/hpf,,,Urine,Hematology
52642,Troponin I,ng/mL,0.0,0.08,Blood,Chemistry
51003,Troponin T,ng/mL,0.0,0.01,Blood,Chemistry
51504,Tyrosine Crystals,,,,Urine,Hematology
52426,UCU1,,,,Urine,Hematology
52427,UCU2,,,,Urine,Hematology
52004,UTX1,,,,Urine,Chemistry
52020,UTX10,,,,Urine,Chemistry
52005,UTX2,,,,Urine,Chemistry
52006,UTX3,,,,Urine,Chemistry
52007,UTX4,,,,Urine,Chemistry
52008,UTX5,,,,Urine,Chemistry
52009,UTX6,,,,Urine,Chemistry
52010,UTX7,,,,Urine,Chemistry
52012,UTX9,,,,Urine,Chemistry
51103,Uhold,,,,Urine,Chemistry
51005,Uptake Ratio,Ratio,0.77,1.25,Blood,Chemistry
51006,Urea Nitrogen,mg/dL,6.0,20.0,Blood,Chemistry
52647,Urea Nitrogen,mg/dL,6.0,20.0,Blood,Chemistry
51006,Urea Nitrogen,,,,Blood,Chemistry
50851,"Urea Nitrogen, Ascites",mg/dL,,,Ascites,Chemistry
51045,"Urea Nitrogen, Body Fluid",mg/dL,,,Other Body Fluid,Chemistry
51922,"Urea Nitrogen, Pleural",mg/dL,,,Pleural,Chemistry
51104,"Urea Nitrogen, Urine",mg/dL,,,Urine,Chemistry
51007,Uric Acid,mg/dL,2.4,5.7,Blood,Chemistry
51007,Uric Acid,mg/dL,3.4,7.0,Blood,Chemistry
51505,Uric Acid Crystals,,,,Urine,Hematology
51505,Uric Acid Crystals,/hpf,,,Urine,Hematology
51826,"Uric Acid, Joint Fluid",mg/dL,,,Joint Fluid,Chemistry
51105,"Uric Acid, Urine",mg/dL,,,Urine,Chemistry
51506,Urine Appearance,,,,Urine,Hematology
51506,Urine Appearance,N/A,,,Urine,Hematology
51507,"Urine Casts, Other",#/lpf,0.0,0.0,Urine,Hematology
51508,Urine Color,,,,Urine,Hematology
51508,Urine Color,N/A,,,Urine,Hematology
51106,Urine Creatinine,mg/dL,,,Urine,Chemistry
51510,"Urine Crystals, Other",,,,Urine,Hematology
51510,"Urine Crystals, Other",/hpf,,,Urine,Hematology
51511,Urine Fat Bodies,,,,Urine,Hematology
51512,Urine Mucous,,,,Urine,Hematology
51512,Urine Mucous,/hpf,,,Urine,Hematology
51513,Urine Specimen Type,,,,Urine,Hematology
51108,Urine Volume,mL,,,Urine,Chemistry
51109,"Urine Volume, Total",mL,,,Urine,Chemistry
51107,"Urine tube, held",,,,Urine,Chemistry
51514,Urobilinogen,mg/dL,0.2,1.0,Urine,Hematology
52002,Urobilinogen,mg/dL,0.2,1.0,Urine,Chemistry
51753,VZV IgG Ab,,,,Blood,Chemistry
51754,VZV IgG Ab Value,,,,Blood,Chemistry
51008,Valproic Acid,ug/mL,50.0,100.0,Blood,Chemistry
51009,Vancomycin,ug/mL,10.0,20.0,Blood,Chemistry
50827,Ventilation Rate,,,,Blood,Blood Gas
50828,Ventilator,,,,Blood,Blood Gas
51010,Vitamin B12,pg/mL,240.0,900.0,Blood,Chemistry
51752,Voided Specimen,,,,Blood,Chemistry
52195,Voided Specimen,,,,Blood,Hematology
52419,Voided Specimen,,,,Urine,Hematology
52014,Voided Specimen,,,,Urine,Chemistry
52036,Voided Specimen,,,,Blood,Blood Gas
51953,Voided Specimen,,,,Stool,Chemistry
51901,Voided Specimen,,,,Other Body Fluid,Chemistry
51924,Voided Specimen,,,,Pleural,Chemistry
52043,Voided Specimen,,,,Other Body Fluid,Blood Gas
51827,Voided Specimen,,,,Joint Fluid,Chemistry
51806,Voided Specimen,,,,Cerebrospinal Fluid,Chemistry
51531,Voided Specimen,,,,Ascites,Chemistry
52287,Voided Specimen,,,,Cerebrospinal Fluid,Hematology
52370,Voided Specimen,,,,Other Body Fluid,Hematology
52313,Voided Specimen,,,,Joint Fluid,Hematology
52406,Voided Specimen,,,,Stool,Hematology
52066,Voided Specimen,,,,Ascites,Hematology
52392,Voided Specimen,,,,Pleural,Hematology
51298,Von Willebrand Factor Activity,%,50.0,200.0,Blood,Hematology
51299,Von Willebrand Factor Antigen,%,50.0,180.0,Blood,Hematology
51299,Von Willebrand Factor Antigen,%,60.0,158.0,Blood,Hematology
51299,Von Willebrand Factor Antigen,%,50.0,206.0,Blood,Hematology
51516,WBC,#/hpf,0.0,5.0,Urine,Hematology
51517,WBC Casts,#/lpf,0.0,0.0,Urine,Hematology
51518,WBC Clumps,,,,Urine,Hematology
51518,WBC Clumps,/hpf,,,Urine,Hematology
51300,WBC Count,K/uL,4.0,11.0,Blood,Hematology
51300,WBC Count,K/uL,4.0,10.0,Blood,Hematology
51300,WBC Count,K/uL,5.1,18.0,Blood,Hematology
51300,WBC Count,,,,Blood,Hematology
51515,Waxy Casts,#/lpf,0.0,0.0,Urine,Hematology
51301,White Blood Cells,K/uL,4.0,10.0,Blood,Hematology
51301,White Blood Cells,K/uL,4.0,11.0,Blood,Hematology
51301,White Blood Cells,K/uL,5.1,18.0,Blood,Hematology
51301,White Blood Cells,K/uL,5.5,17.5,Blood,Hematology
51755,White Blood Cells,K/uL,4.0,10.0,Blood,Chemistry
51301,White Blood Cells,K/uL,5.0,17.0,Blood,Hematology
51301,White Blood Cells,,,,Blood,Hematology
51342,Wright Giemsa,,,,Bone Marrow,Hematology
52425,XUCU,,,,Urine,Hematology
51519,Yeast,,,,Urine,Hematology
51519,Yeast,/hpf,,,Urine,Hematology
51129,Young,%,0.0,0.0,Ascites,Hematology
52288,Young,%,,,Cerebrospinal Fluid,Hematology
52371,Young,%,0.0,0.0,Other Body Fluid,Hematology
51302,Young Cells,%,0.0,0.0,Blood,Hematology
51459,Young Cells,%,0.0,0.0,Pleural,Hematology
52107,dRVVT - Confirmation,N/A,0.0,1.2,Blood,Hematology
52108,dRVVT - Normalized Ratio,N/A,0.0,1.2,Blood,Hematology
52109,dRVVT - Screen,N/A,0.0,1.2,Blood,Hematology
51613,eAG,mg/dL,68.0,126.0,Blood,Chemistry
51613,eAG,mg/dL,91.0,123.0,Blood,Chemistry
51613,eAG,,,,Blood,Chemistry
50818,pCO2,mm Hg,35.0,45.0,Blood,Blood Gas
50830,"pCO2, Body Fluid",mm Hg,,,Other Body Fluid,Blood Gas
51491,pH,units,5.0,8.0,Urine,Hematology
50820,pH,units,7.35,7.45,Blood,Blood Gas
51094,pH,,,,Urine,Chemistry
50831,pH,units,,,Other Body Fluid,Blood Gas
52730,pH,units,5.0,8.0,Urine,Chemistry
50821,pO2,mm Hg,85.0,105.0,Blood,Blood Gas
50832,"pO2, Body Fluid",mm Hg,,,Other Body Fluid,Blood Gas
51921,"proBNP, Pleural",pg/mL,,,Pleural,Chemistry
50986,tacroFK,ng/mL,5.0,20.0,Blood,Chemistry
52220,wbcp,%,,,Blood,Hematology