,icd_code,icd_version,long_title,count
0,3893,9,"Venous catheterization, not elsewhere classified",15408
1,640,9,Circumcision,12002
2,02HV33Z,10,"Insertion of Infusion Device into Superior Vena Cava, Percutaneous Approach",10780
3,8938,9,Other nonoperative respiratory measurements,10611
4,966,9,Enteral infusion of concentrated nutritional substances,10513
5,3897,9,Central venous catheter placement with guidance,10460
6,8856,9,Coronary arteriography using two catheters,9646
7,9671,9,Continuous invasive mechanical ventilation for less than 96 consecutive hours,8315
8,3995,9,Hemodialysis,7870
9,9604,9,Insertion of endotracheal tube,7855
10,0040,9,Procedure on single vessel,7713
11,9955,9,Prophylactic administration of vaccine against other diseases,7254
12,0VTTXZZ,10,"Resection of Prepuce, External Approach",7089
13,8952,9,Electrocardiogram,6884
14,3E0G76Z,10,"Introduction of Nutritional Substance into Upper GI, Via Natural or Artificial Opening",6664
15,5491,9,Percutaneous abdominal drainage,6602
16,3722,9,Left heart cardiac catheterization,6204
17,4513,9,Other endoscopy of small intestine,5834
18,8744,9,"Routine chest x-ray, so described",5790
19,0066,9,Percutaneous transluminal coronary angioplasty [PTCA],5448
20,9925,9,Injection or infusion of cancer chemotherapeutic substance,5374
21,3961,9,Extracorporeal circulation auxiliary to open heart surgery,5088
22,0331,9,Spinal tap,5031
23,3899,9,Other puncture of vein,4993
24,7569,9,Repair of other current obstetric laceration,4851
25,9915,9,Parenteral infusion of concentrated nutritional substances,4789
26,0BH17EZ,10,"Insertion of Endotracheal Airway into Trachea, Via Natural or Artificial Opening",4696
27,9672,9,Continuous invasive mechanical ventilation for 96 consecutive hours or more,4629
28,0045,9,Insertion of one vascular stent,4457
29,3324,9,Closed [endoscopic] biopsy of bronchus,4445
30,8162,9,Fusion or refusion of 2-3 vertebrae,4117
31,3891,9,Arterial catheterization,3959
32,B211YZZ,10,Fluoroscopy of Multiple Coronary Arteries using Other Contrast,3956
33,8872,9,Diagnostic ultrasound of heart,3950
34,3607,9,Insertion of drug-eluting coronary artery stent(s),3734
35,5A1221Z,10,"Performance of Cardiac Output, Continuous",3619
36,741,9,Low cervical cesarean section,3618
37,8051,9,Excision of intervertebral disc,3463
38,0DJ08ZZ,10,"Inspection of Upper Intestinal Tract, Via Natural or Artificial Opening Endoscopic",3424
39,10E0XZZ,10,"Delivery of Products of Conception, External Approach",3423
40,4516,9,Esophagogastroduodenoscopy [EGD] with closed biopsy,3376
41,9983,9,Other phototherapy,3350
42,3950,9,Angioplasty of other non-coronary vessel(s),3293
43,5A1945Z,10,"Respiratory Ventilation, 24-96 Consecutive Hours",3281
44,9904,9,Transfusion of packed cells,3254
45,8848,9,Arteriography of femoral and other lower extremity arteries,3127
46,3615,9,Single internal mammary-coronary artery bypass,3096
47,0W9G3ZZ,10,"Drainage of Peritoneal Cavity, Percutaneous Approach",3064
48,5185,9,Endoscopic sphincterotomy and papillotomy,3027
49,3491,9,Thoracentesis,2870
50,734,9,Medical induction of labor,2790
51,0309,9,Other exploration and decompression of spinal canal,2737
52,5A1955Z,10,"Respiratory Ventilation, Greater than 96 Consecutive Hours",2724
53,9390,9,Non-invasive mechanical ventilation,2693
54,3895,9,Venous catheterization for renal dialysis,2683
55,8842,9,Aortography,2646
56,7309,9,Other artificial rupture of membranes,2567
57,3404,9,Insertion of intercostal catheter for drainage,2492
58,5A1D70Z,10,"Performance of Urinary Filtration, Intermittent, Less than 6 Hours Per Day",2480
59,3E04305,10,"Introduction of Other Antineoplastic into Central Vein, Percutaneous Approach",2401
60,02H633Z,10,"Insertion of Infusion Device into Right Atrium, Percutaneous Approach",2268
61,8451,9,Insertion of interbody spinal fusion device,2205
62,7779,9,"Excision of bone for graft, other bones",2199
63,009U3ZX,10,"Drainage of Spinal Canal, Percutaneous Approach, Diagnostic",2184
64,3723,9,Combined right and left heart cardiac catheterization,2184
65,8604,9,Other incision with drainage of skin and subcutaneous tissue,2166
66,5A1935Z,10,"Respiratory Ventilation, Less than 24 Consecutive Hours",2165
67,7359,9,Other manually assisted delivery,2160
68,9427,9,Other electroshock therapy,2153
69,5187,9,Endoscopic insertion of stent (tube) into bile duct,2057
70,8841,9,Arteriography of cerebral arteries,2039
71,5459,9,Other lysis of peritoneal adhesions,2016
72,02100Z9,10,"Bypass Coronary Artery, One Artery from Left Internal Mammary, Open Approach",2008
73,0W9G3ZX,10,"Drainage of Peritoneal Cavity, Percutaneous Approach, Diagnostic",1956
74,8659,9,Closure of skin and subcutaneous tissue of other sites,1937
75,0390,9,Insertion of catheter into spinal canal for infusion of therapeutic or palliative substances,1926
76,4523,9,Colonoscopy,1866
77,4525,9,Closed [endoscopic] biopsy of large intestine,1863
78,0046,9,Insertion of two vascular stents,1861
79,0041,9,Procedure on two vessels,1840
80,5123,9,Laparoscopic cholecystectomy,1834
81,8154,9,Total knee replacement,1833
82,8703,9,Computerized axial tomography of head,1802
83,3990,9,Insertion of non-drug-eluting peripheral (non-coronary) vessel stent(s),1771
84,10D00Z1,10,"Extraction of Products of Conception, Low, Open Approach",1745
85,7936,9,"Open reduction of fracture with internal fixation, tibia and fibula",1730
86,9929,9,Injection or infusion of other therapeutic or prophylactic substance,1716
87,8191,9,Arthrocentesis,1690
88,0KQM0ZZ,10,"Repair Perineum Muscle, Open Approach",1657
89,0DJD8ZZ,10,"Inspection of Lower Intestinal Tract, Via Natural or Artificial Opening Endoscopic",1649
90,5188,9,Endoscopic removal of stone(s) from biliary tract,1645
91,5732,9,Other cystoscopy,1632
92,3E0436Z,10,"Introduction of Nutritional Substance into Central Vein, Percutaneous Approach",1607
93,4131,9,Biopsy of bone marrow,1602
94,5A1D60Z,10,"Performance of Urinary Filtration, Multiple",1570
95,8628,9,"Nonexcisional debridement of wound, infection or burn",1563
96,8838,9,Other computerized axial tomography,1562
97,8452,9,Insertion of recombinant bone morphogenetic protein,1553
98,4311,9,Percutaneous [endoscopic] gastrostomy [PEG],1468
99,3734,9,"Excision or destruction of other lesion or tissue of heart, endovascular approach",1468
100,8847,9,Arteriography of other intra-abdominal arteries,1459
101,8622,9,"Excisional debridement of wound, infection, or burn",1449
102,9920,9,Injection or infusion of platelet inhibitor,1449
103,10907ZC,10,"Drainage of Amniotic Fluid, Therapeutic from Products of Conception, Via Natural or Artificial Opening",1438
104,9229,9,Other radiotherapeutic procedure,1413
105,4701,9,Laparoscopic appendectomy,1396
106,4A023N7,10,"Measurement of Cardiac Sampling and Pressure, Left Heart, Percutaneous Approach",1385
107,8102,9,"Other cervical fusion of the anterior column, anterior technique",1366
108,0W9930Z,10,"Drainage of Right Pleural Cavity with Drainage Device, Percutaneous Approach",1354
109,8853,9,Angiocardiography of left heart structures,1326
110,3606,9,Insertion of non-drug-eluting coronary artery stent(s),1311
111,3521,9,Open and other replacement of aortic valve with tissue graft,1304
112,9962,9,Other electric countershock of heart,1294
113,3721,9,Right heart cardiac catheterization,1255
114,598,9,Ureteral catheterization,1249
115,403,9,Regional lymph node excision,1214
116,4011,9,Biopsy of lymphatic structure,1211
117,3727,9,Cardiac mapping,1201
118,8163,9,Fusion or refusion of 4-8 vertebrae,1199
119,7935,9,"Open reduction of fracture with internal fixation, femur",1192
120,8855,9,Coronary arteriography using a single catheter,1191
121,0F798DZ,10,"Dilation of Common Bile Duct with Intraluminal Device, Via Natural or Artificial Opening Endoscopic",1181
122,3612,9,(Aorto)coronary bypass of two coronary arteries,1179
123,3322,9,Fiber-optic bronchoscopy,1170
124,06BQ4ZZ,10,"Excision of Left Saphenous Vein, Percutaneous Endoscopic Approach",1165
125,311,9,Temporary tracheostomy,1137
126,5A2204Z,10,"Restoration of Cardiac Rhythm, Single",1134
127,3323,9,Other bronchoscopy,1133
128,8107,9,"Lumbar and lumbosacral fusion of the posterior column, posterior technique",1119
129,0DH63UZ,10,"Insertion of Feeding Device into Stomach, Percutaneous Approach",1099
130,3613,9,(Aorto)coronary bypass of three coronary arteries,1074
131,5011,9,Closed (percutaneous) [needle] biopsy of liver,1058
132,5122,9,Cholecystectomy,1051
133,3783,9,Initial insertion of dual-chamber device,1051
134,8151,9,Total hip replacement,1045
135,3772,9,Initial insertion of transvenous leads [electrodes] into atrium and ventricle,1043
136,3979,9,Other endovascular procedures on other vessels,1042
137,4A023N6,10,"Measurement of Cardiac Sampling and Pressure, Right Heart, Percutaneous Approach",1041
138,027034Z,10,"Dilation of Coronary Artery, One Artery with Drug-eluting Intraluminal Device, Percutaneous Approach",1039
139,8611,9,Closed biopsy of skin and subcutaneous tissue,1035
140,5A09357,10,"Assistance with Respiratory Ventilation, Less than 24 Consecutive Hours, Continuous Positive Airway Pressure",1032
141,9910,9,Injection or infusion of thrombolytic agent,1031
142,07DR3ZX,10,"Extraction of Iliac Bone Marrow, Percutaneous Approach, Diagnostic",1030
143,8801,9,Computerized axial tomography of abdomen,1022
144,5110,9,Endoscopic retrograde cholangiopancreatography [ERCP],1017
145,5198,9,Other percutaneous procedures on biliary tract,1017
146,01NB0ZZ,10,"Release Lumbar Nerve, Open Approach",1000
147,0W9B30Z,10,"Drainage of Left Pleural Cavity with Drainage Device, Percutaneous Approach",980
148,0FC98ZZ,10,"Extirpation of Matter from Common Bile Duct, Via Natural or Artificial Opening Endoscopic",974
149,8106,9,"Lumbar and lumbosacral fusion of the anterior column, anterior technique",956
150,3E0336Z,10,"Introduction of Nutritional Substance into Peripheral Vein, Percutaneous Approach",950
151,4443,9,Endoscopic control of gastric or duodenal bleeding,946
152,8E0W4CZ,10,"Robotic Assisted Procedure of Trunk Region, Percutaneous Endoscopic Approach",910
153,9301,9,Functional evaluation,909
154,0DB68ZX,10,"Excision of Stomach, Via Natural or Artificial Opening Endoscopic, Diagnostic",907
155,0BJ08ZZ,10,"Inspection of Tracheobronchial Tree, Via Natural or Artificial Opening Endoscopic",897
156,9605,9,Other intubation of respiratory tract,896
157,8849,9,Arteriography of other specified sites,888
158,7532,9,Fetal EKG (scalp),882
159,B2111ZZ,10,Fluoroscopy of Multiple Coronary Arteries using Low Osmolar Contrast,871
160,9914,9,Injection or infusion of immunoglobulin,869
161,0159,9,Other excision or destruction of lesion or tissue of brain,869
162,3892,9,Umbilical vein catheterization,868
163,3E033VJ,10,"Introduction of Other Hormone into Peripheral Vein, Percutaneous Approach",857
164,0FT44ZZ,10,"Resection of Gallbladder, Percutaneous Endoscopic Approach",850
165,3726,9,Catheter based invasive electrophysiologic testing,847
166,9462,9,Alcohol detoxification,842
167,6A601ZZ,10,"Phototherapy of Skin, Multiple",836
168,1742,9,Laparoscopic robotic assisted procedure,829
169,387,9,Interruption of the vena cava,827
170,9705,9,Replacement of stent (tube) in biliary or pancreatic duct,825
171,3929,9,Other (peripheral) vascular shunt or bypass,805
172,02RF08Z,10,"Replacement of Aortic Valve with Zooplastic Tissue, Open Approach",804
173,8411,9,Amputation of toe,803
174,3E03305,10,"Introduction of Other Antineoplastic into Peripheral Vein, Percutaneous Approach",795
175,5421,9,Laparoscopy,789
176,4562,9,Other partial resection of small intestine,788
177,8843,9,Arteriography of pulmonary arteries,778
178,B548ZZA,10,"Ultrasonography of Superior Vena Cava, Guidance",774
179,GZB0ZZZ,10,"Electroconvulsive Therapy, Unilateral-Single Seizure",767
180,8574,9,"Deep inferior epigastric artery perforator (DIEP) flap, free",765
181,3142,9,Laryngoscopy and other tracheoscopy,761
182,02HK3JZ,10,"Insertion of Pacemaker Lead into Right Ventricle, Percutaneous Approach",751
183,7534,9,Other fetal monitoring,746
184,3E0H76Z,10,"Introduction of Nutritional Substance into Lower GI, Via Natural or Artificial Opening",745
185,9960,9,"Cardiopulmonary resuscitation, not otherwise specified",734
186,5361,9,Other open incisional hernia repair with graft or prosthesis,718
187,021109W,10,"Bypass Coronary Artery, Two Arteries from Aorta with Autologous Venous Tissue, Open Approach",712
188,0HQ9XZZ,10,"Repair Perineum Skin, External Approach",703
189,8339,9,Excision of lesion of other soft tissue,702
190,GZB2ZZZ,10,"Electroconvulsive Therapy, Bilateral-Single Seizure",700
191,0SB20ZZ,10,"Excision of Lumbar Vertebral Disc, Open Approach",691
192,8754,9,Other cholangiogram,690
193,0W9G30Z,10,"Drainage of Peritoneal Cavity with Drainage Device, Percutaneous Approach",690
194,3611,9,(Aorto)coronary bypass of one coronary artery,689
195,9977,9,Application or administration of an adhesion barrier substance,677
196,7932,9,"Open reduction of fracture with internal fixation, radius and ulna",674
197,8874,9,Diagnostic ultrasound of digestive system,674
198,6A600ZZ,10,"Phototherapy of Skin, Single",673
199,BF10YZZ,10,Fluoroscopy of Bile Ducts using Other Contrast,670
200,9359,9,"Other immobilization, pressure, and attention to wound",668
201,8108,9,"Lumbar and lumbosacral fusion of the anterior column, posterior technique",665
202,4542,9,Endoscopic polypectomy of large intestine,659
203,7749,9,"Biopsy of bone, other bones",656
204,8605,9,Incision with removal of foreign body or device from skin and subcutaneous tissue,655
205,06BP4ZZ,10,"Excision of Right Saphenous Vein, Percutaneous Endoscopic Approach",643
206,02H63JZ,10,"Insertion of Pacemaker Lead into Right Atrium, Percutaneous Approach",643
207,0CJS8ZZ,10,"Inspection of Larynx, Via Natural or Artificial Opening Endoscopic",643
208,9607,9,Insertion of other (naso-)gastric tube,639
209,8857,9,Other and unspecified coronary arteriography,637
210,9907,9,Transfusion of other serum,635
211,0DB98ZX,10,"Excision of Duodenum, Via Natural or Artificial Opening Endoscopic, Diagnostic",634
212,4524,9,Flexible sigmoidoscopy,624
213,5A1D90Z,10,"Performance of Urinary Filtration, Continuous, Greater than 18 hours Per Day",616
214,3812,9,"Endarterectomy, other vessels of head and neck",612
215,0131,9,Incision of cerebral meninges,611
216,9649,9,Other genitourinary instillation,606
217,0JH606Z,10,"Insertion of Pacemaker, Dual Chamber into Chest Subcutaneous Tissue and Fascia, Open Approach",606
218,8669,9,Other skin graft to other sites,599
219,0W3P8ZZ,10,"Control Bleeding in Gastrointestinal Tract, Via Natural or Artificial Opening Endoscopic",598
220,5451,9,Laparoscopic lysis of peritoneal adhesions,596
221,064,9,Complete thyroidectomy,596
222,9961,9,Atrial cardioversion,594
223,0014,9,Injection or infusion of oxazolidinone class of antibiotics,593
224,0047,9,Insertion of three vascular stents,593
225,863,9,Other local excision or destruction of lesion or tissue of skin and subcutaneous tissue,590
226,3E0F7GC,10,"Introduction of Other Therapeutic Substance into Respiratory Tract, Via Natural or Artificial Opening",583
227,6841,9,Laparoscopic total abdominal hysterectomy,576
228,0DB64Z3,10,"Excision of Stomach, Percutaneous Endoscopic Approach, Vertical",575
229,8103,9,"Other cervical fusion of the posterior column, posterior technique",574
230,7869,9,"Removal of implanted devices from bone, other bones",573
231,544,9,Excision or destruction of peritoneal tissue,571
232,7906,9,"Closed reduction of fracture without internal fixation, tibia and fibula",567
233,3949,9,Other revision of vascular procedure,566
234,0SRC0J9,10,"Replacement of Right Knee Joint with Synthetic Substitute, Cemented, Open Approach",563
235,0WUF0JZ,10,"Supplement Abdominal Wall with Synthetic Substitute, Open Approach",557
236,4639,9,Other enterostomy,557
237,6849,9,Other and unspecified total abdominal hysterectomy,557
238,0FT40ZZ,10,"Resection of Gallbladder, Open Approach",554
239,3220,9,Thoracoscopic excision of lesion or tissue of lung,553
240,0DBN8ZX,10,"Excision of Sigmoid Colon, Via Natural or Artificial Opening Endoscopic, Diagnostic",552
241,0353,9,Repair of vertebral fracture,544
242,062,9,Unilateral thyroid lobectomy,542
243,8852,9,Angiocardiography of right heart structures,541
244,0RB30ZZ,10,"Excision of Cervical Vertebral Disc, Open Approach",537
245,9205,9,Cardiovascular and hematopoietic scan and radioisotope function study,537
246,0JH63XZ,10,"Insertion of Tunneled Vascular Access Device into Chest Subcutaneous Tissue and Fascia, Percutaneous Approach",536
247,3972,9,Endovascular (total) embolization or occlusion of head and neck vessels,535
248,8607,9,Insertion of totally implantable vascular access device [VAD],533
249,5A09557,10,"Assistance with Respiratory Ventilation, Greater than 96 Consecutive Hours, Continuous Positive Airway Pressure",531
250,6563,9,Laparoscopic removal of both ovaries and tubes at same operative episode,530
251,5A12012,10,"Performance of Cardiac Output, Single, Manual",527
252,8919,9,Video and radio-telemetered electroencephalographic monitoring,527
253,8152,9,Partial hip replacement,526
254,4824,9,Closed [endoscopic] biopsy of rectum,526
255,9755,9,"Removal of T-tube, other bile duct tube, or liver tube",524
256,5A09457,10,"Assistance with Respiratory Ventilation, 24-96 Consecutive Hours, Continuous Positive Airway Pressure",523
257,021209W,10,"Bypass Coronary Artery, Three Arteries from Aorta with Autologous Venous Tissue, Open Approach",520
258,3E0P7VZ,10,"Introduction of Hormone into Female Reproductive, Via Natural or Artificial Opening",520
259,8751,9,Percutaneous hepatic cholangiogram,517
260,02RF38Z,10,"Replacement of Aortic Valve with Zooplastic Tissue, Percutaneous Approach",517
261,5114,9,Other closed [endoscopic] biopsy of biliary duct or sphincter of Oddi,516
262,0SRD0J9,10,"Replacement of Left Knee Joint with Synthetic Substitute, Cemented, Open Approach",516
263,3E0P7GC,10,"Introduction of Other Therapeutic Substance into Female Reproductive, Via Natural or Artificial Opening",507
264,4573,9,Open and other right hemicolectomy,506
265,5503,9,Percutaneous nephrostomy without fragmentation,505
266,8105,9,"Dorsal and dorsolumbar fusion of the posterior column, posterior technique",503
267,5794,9,Insertion of indwelling urinary catheter,502
268,0481,9,Injection of anesthetic into peripheral nerve for analgesia,500
269,3794,9,"Implantation or replacement of automatic cardioverter/defibrillator, total system [AICD]",500
270,8345,9,Other myectomy,500
271,8674,9,Attachment of pedicle or flap graft to other sites,499
272,0BH18EZ,10,"Insertion of Endotracheal Airway into Trachea, Via Natural or Artificial Opening Endoscopic",495
273,021009W,10,"Bypass Coronary Artery, One Artery from Aorta with Autologous Venous Tissue, Open Approach",484
274,3761,9,Implant of pulsation balloon,482
275,6561,9,Other removal of both ovaries and tubes at same operative episode,480
276,8774,9,Retrograde pyelogram,474
277,0SG0071,10,"Fusion of Lumbar Vertebral Joint with Autologous Tissue Substitute, Posterior Approach, Posterior Column, Open Approach",474
278,6632,9,Other bilateral ligation and division of fallopian tubes,473
279,4233,9,Endoscopic excision or destruction of lesion or tissue of esophagus,470
280,0WQF0ZZ,10,"Repair Abdominal Wall, Open Approach",462
281,0044,9,Procedure on vessel bifurcation,461
282,0093,9,Transplant from cadaver,458
283,0B113F4,10,"Bypass Trachea to Cutaneous with Tracheostomy Device, Percutaneous Approach",457
284,0TJB8ZZ,10,"Inspection of Bladder, Via Natural or Artificial Opening Endoscopic",450
285,7915,9,"Closed reduction of fracture with internal fixation, femur",447
286,06H033T,10,"Insertion of Infusion Device, Via Umbilical Vein, into Inferior Vena Cava, Percutaneous Approach",445
287,7867,9,"Removal of implanted devices from bone, tibia and fibula",445
288,5411,9,Exploratory laparotomy,444
289,5A1D00Z,10,"Performance of Urinary Filtration, Single",443
290,8099,9,"Other excision of joint, other specified sites",441
291,5A1223Z,10,"Performance of Cardiac Pacing, Continuous",441
292,8876,9,Diagnostic ultrasound of abdomen and retroperitoneum,441
293,5523,9,Closed [percutaneous] [needle] biopsy of kidney,441
294,7769,9,"Local excision of lesion or tissue of bone, other bones",440
295,8964,9,Pulmonary artery wedge monitoring,439
296,0015,9,High-dose infusion interleukin-2 [IL-2],437
297,9971,9,Therapeutic plasmapheresis,431
298,00HU33Z,10,"Insertion of Infusion Device into Spinal Canal, Percutaneous Approach",430
299,0W993ZZ,10,"Drainage of Right Pleural Cavity, Percutaneous Approach",424
300,4A023N8,10,"Measurement of Cardiac Sampling and Pressure, Bilateral, Percutaneous Approach",424
301,8945,9,Artificial pacemaker rate check,419
302,6029,9,Other transurethral prostatectomy,418
303,0SG1071,10,"Fusion of 2 or more Lumbar Vertebral Joints with Autologous Tissue Substitute, Posterior Approach, Posterior Column, Open Approach",418
304,5101,9,Percutaneous aspiration of gallbladder,415
305,4576,9,Open and other sigmoidectomy,414
306,5498,9,Peritoneal dialysis,409
307,5569,9,Other kidney transplantation,408
308,9905,9,Transfusion of platelets,404
309,0212,9,Other repair of cerebral meninges,403
310,7931,9,"Open reduction of fracture with internal fixation, humerus",403
311,0FB03ZX,10,"Excision of Liver, Percutaneous Approach, Diagnostic",402
312,736,9,Episiotomy,402
313,30233S1,10,"Transfusion of Nonautologous Globulin into Peripheral Vein, Percutaneous Approach",402
314,5184,9,Endoscopic dilation of ampulla and biliary duct,401
315,3321,9,Bronchoscopy through artificial stoma,396
316,0SG3071,10,"Fusion of Lumbosacral Joint with Autologous Tissue Substitute, Posterior Approach, Posterior Column, Open Approach",393
317,4823,9,Rigid proctosigmoidoscopy,393
318,3522,9,Open and other replacement of aortic valve,392
319,4495,9,Laparoscopic gastric restrictive procedure,389
320,0392,9,Injection of other agent into spinal canal,389
321,4651,9,Closure of stoma of small intestine,388
322,3845,9,"Resection of vessel with replacement, thoracic vessels",387
323,8851,9,Angiocardiography of venae cavae,386
324,5412,9,Reopening of recent laparotomy site,386
325,0DBB0ZZ,10,"Excision of Ileum, Open Approach",385
326,6A801ZZ,10,"Ultraviolet Light Therapy of Skin, Multiple",384
327,3409,9,Other incision of pleura,384
328,0042,9,Procedure on three vessels,382
329,370,9,Pericardiocentesis,382
330,30283B1,10,"Transfusion of Nonautologous 4-Factor Prothrombin Complex Concentrate into Vein, Percutaneous Approach",382
331,7966,9,"Debridement of open fracture site, tibia and fibula",381
332,3512,9,Open heart valvuloplasty of mitral valve without replacement,379
333,0DBP8ZX,10,"Excision of Rectum, Via Natural or Artificial Opening Endoscopic, Diagnostic",379
334,B41FYZZ,10,Fluoroscopy of Right Lower Extremity Arteries using Other Contrast,377
335,7768,9,"Local excision of lesion or tissue of bone, tarsals and metatarsals",373
336,0F2BX0Z,10,"Change Drainage Device in Hepatobiliary Duct, External Approach",365
337,0FPB8DZ,10,"Removal of Intraluminal Device from Hepatobiliary Duct, Via Natural or Artificial Opening Endoscopic",365
338,3818,9,"Endarterectomy, lower limb arteries",365
339,4023,9,Excision of axillary lymph node,363
340,8415,9,Other amputation below knee,359
341,02UG0JZ,10,"Supplement Mitral Valve with Synthetic Substitute, Open Approach",355
342,0DN80ZZ,10,"Release Small Intestine, Open Approach",348
343,560,9,Transurethral removal of obstruction from ureter and renal pelvis,347
344,5749,9,Other transurethral excision or destruction of lesion or tissue of bladder,346
345,02583ZZ,10,"Destruction of Conduction Mechanism, Percutaneous Approach",345
346,3728,9,Intracardiac echocardiography,344
347,8741,9,Computerized axial tomography of thorax,344
348,0UT70ZZ,10,"Resection of Bilateral Fallopian Tubes, Open Approach",343
349,5293,9,Endoscopic insertion of stent (tube) into pancreatic duct,342
350,3614,9,(Aorto)coronary bypass of four or more coronary arteries,340
351,5349,9,Other open umbilical herniorrhaphy,339
352,0359,9,Other repair and plastic operations on spinal cord structures,338
353,9723,9,Replacement of tracheostomy tube,336
354,9702,9,Replacement of gastrostomy tube,335
355,0689,9,Other parathyroidectomy,333
356,0113,9,Closed [percutaneous] [needle] biopsy of brain,333
357,B410YZZ,10,Fluoroscopy of Abdominal Aorta using Other Contrast,333
358,8879,9,Other diagnostic ultrasound,332
359,9921,9,Injection of antibiotic,332
360,0UT90ZZ,10,"Resection of Uterus, Open Approach",331
361,3327,9,Closed endoscopic biopsy of lung,328
362,GZB4ZZZ,10,Other Electroconvulsive Therapy,327
363,6829,9,Other excision or destruction of lesion of uterus,325
364,3492,9,Injection into thoracic cavity,324
365,9923,9,Injection of steroid,324
366,B218YZZ,10,Fluoroscopy of Left Internal Mammary Bypass Graft using Other Contrast,324
367,8321,9,Open biopsy of soft tissue,324
368,7939,9,"Open reduction of fracture with internal fixation, other specified bone",320
369,0QSH04Z,10,"Reposition Left Tibia with Internal Fixation Device, Open Approach",319
370,0DHA3UZ,10,"Insertion of Feeding Device into Jejunum, Percutaneous Approach",317
371,527,9,Radical pancreaticoduodenectomy,316
372,7855,9,"Internal fixation of bone without fracture reduction, femur",316
373,7788,9,"Other partial ostectomy, tarsals and metatarsals",316
374,7817,9,"Application of external fixator device, tibia and fibula",315
375,5551,9,Nephroureterectomy,315
376,8309,9,Other incision of soft tissue,315
377,8683,9,Size reduction plastic operation,315
378,0221,9,Insertion or replacement of external ventricular drain [EVD],314
379,415,9,Total splenectomy,311
380,3E0R305,10,"Introduction of Other Antineoplastic into Spinal Canal, Percutaneous Approach",310
381,9394,9,Respiratory medication administered by nebulizer,310
382,06H03DZ,10,"Insertion of Intraluminal Device into Inferior Vena Cava, Percutaneous Approach",309
383,05HM33Z,10,"Insertion of Infusion Device into Right Internal Jugular Vein, Percutaneous Approach",309
384,8076,9,"Synovectomy, knee",308
385,605,9,Radical prostatectomy,308
386,8845,9,Arteriography of renal arteries,306
387,0FB13ZX,10,"Excision of Right Lobe Liver, Percutaneous Approach, Diagnostic",306
388,0QSG04Z,10,"Reposition Right Tibia with Internal Fixation Device, Open Approach",305
389,03BC4ZZ,10,"Excision of Left Radial Artery, Percutaneous Endoscopic Approach",304
390,4467,9,Laparoscopic procedures for creation of esophagogastric sphincteric competence,302
391,3971,9,Endovascular implantation of other graft in abdominal aorta,302
392,4543,9,Endoscopic destruction of other lesion or tissue of large intestine,301
393,3E03317,10,"Introduction of Other Thrombolytic into Peripheral Vein, Percutaneous Approach",301
394,0B9F8ZX,10,"Drainage of Right Lower Lung Lobe, Via Natural or Artificial Opening Endoscopic, Diagnostic",300
395,5A02210,10,"Assistance with Cardiac Output using Balloon Pump, Continuous",299
396,0T25X0Z,10,"Change Drainage Device in Kidney, External Approach",299
397,3201,9,Endoscopic excision or destruction of lesion or tissue of bronchus,299
398,8382,9,Graft of muscle or fascia,299
399,0F9430Z,10,"Drainage of Gallbladder with Drainage Device, Percutaneous Approach",298
400,0F9930Z,10,"Drainage of Common Bile Duct with Drainage Device, Percutaneous Approach",298
401,3420,9,Thoracoscopic pleural biopsy,296
402,4029,9,Simple excision of other lymphatic structure,294
403,8949,9,Automatic implantable cardioverter/defibrillator (AICD) check,293
404,0094,9,Intra-operative neurophysiologic monitoring,291
405,4601,9,Exteriorization of small intestine,287
406,8891,9,Magnetic resonance imaging of brain and brain stem,287
407,4319,9,Other gastrostomy,287
408,5351,9,Incisional hernia repair,285
409,0WJG4ZZ,10,"Inspection of Peritoneal Cavity, Percutaneous Endoscopic Approach",284
410,7902,9,"Closed reduction of fracture without internal fixation, radius and ulna",283
411,4593,9,Other small-to-large intestinal anastomosis,283
412,0RG2071,10,"Fusion of 2 or more Cervical Vertebral Joints with Autologous Tissue Substitute, Posterior Approach, Posterior Column, Open Approach",283
413,B41GYZZ,10,Fluoroscopy of Left Lower Extremity Arteries using Other Contrast,279
414,3E1M39Z,10,"Irrigation of Peritoneal Cavity using Dialysate, Percutaneous Approach",279
415,02100AW,10,"Bypass Coronary Artery, One Artery from Aorta with Autologous Arterial Tissue, Open Approach",279
416,009630Z,10,"Drainage of Cerebral Ventricle with Drainage Device, Percutaneous Approach",279
417,5425,9,Peritoneal lavage,278
418,3964,9,Intraoperative cardiac pacemaker,278
419,4438,9,Laparoscopic gastroenterostomy,277
420,7535,9,Other diagnostic procedures on fetus and amnion,277
421,07B74ZX,10,"Excision of Thorax Lymphatic, Percutaneous Endoscopic Approach, Diagnostic",277
422,0B9D8ZX,10,"Drainage of Right Middle Lung Lobe, Via Natural or Artificial Opening Endoscopic, Diagnostic",276
423,0W9B3ZZ,10,"Drainage of Left Pleural Cavity, Percutaneous Approach",274
424,3778,9,Insertion of temporary transvenous pacemaker system,273
425,0W9D30Z,10,"Drainage of Pericardial Cavity with Drainage Device, Percutaneous Approach",273
426,5423,9,Biopsy of peritoneum,272
427,0RG20A0,10,"Fusion of 2 or more Cervical Vertebral Joints with Interbody Fusion Device, Anterior Approach, Anterior Column, Open Approach",272
428,8819,9,Other x-ray of abdomen,272
429,9354,9,Application of splint,271
430,B213YZZ,10,Fluoroscopy of Multiple Coronary Artery Bypass Grafts using Other Contrast,271
431,0DB78ZX,10,"Excision of Stomach, Pylorus, Via Natural or Artificial Opening Endoscopic, Diagnostic",271
432,8456,9,Insertion or replacement of (cement) spacer,271
433,0JBR0ZZ,10,"Excision of Left Foot Subcutaneous Tissue and Fascia, Open Approach",270
434,0D1B0Z4,10,"Bypass Ileum to Cutaneous, Open Approach",270
435,8826,9,Other skeletal x-ray of pelvis and hip,269
436,0059,9,Intravascular pressure measurement of coronary arteries,269
437,0077,9,"Hip bearing surface, ceramic-on-polyethylene",268
438,8601,9,Aspiration of skin and subcutaneous tissue,268
439,5593,9,Replacement of nephrostomy tube,267
440,8314,9,Fasciotomy,266
441,9936,9,Administration of diphtheria toxoid,265
442,8595,9,Insertion of breast tissue expander,265
443,7789,9,"Other partial ostectomy, other bones",265
444,0W9J30Z,10,"Drainage of Pelvic Cavity with Drainage Device, Percutaneous Approach",264
445,0SB40ZZ,10,"Excision of Lumbosacral Disc, Open Approach",264
446,0234,9,Ventricular shunt to abdominal cavity and organs,263
447,5091,9,Percutaneous aspiration of liver,262
448,0FBG0ZZ,10,"Excision of Pancreas, Open Approach",262
449,0SG30A0,10,"Fusion of Lumbosacral Joint with Interbody Fusion Device, Anterior Approach, Anterior Column, Open Approach",262
450,0DJ07ZZ,10,"Inspection of Upper Intestinal Tract, Via Natural or Artificial Opening",262
451,8775,9,Percutaneous pyelogram,260
452,3406,9,Thoracoscopic drainage of pleural cavity,259
453,3927,9,Arteriovenostomy for renal dialysis,259
454,3E0L3GC,10,"Introduction of Other Therapeutic Substance into Pleural Cavity, Percutaneous Approach",258
455,4A133B3,10,"Monitoring of Arterial Pressure, Pulmonary, Percutaneous Approach",256
456,0B21XFZ,10,"Change Tracheostomy Device in Trachea, External Approach",256
457,0JBQ0ZZ,10,"Excision of Right Foot Subcutaneous Tissue and Fascia, Open Approach",255
458,02K83ZZ,10,"Map Conduction Mechanism, Percutaneous Approach",254
459,3931,9,Suture of artery,254
460,02HP32Z,10,"Insertion of Monitoring Device into Pulmonary Trunk, Percutaneous Approach",249
461,0SG00A0,10,"Fusion of Lumbar Vertebral Joint with Interbody Fusion Device, Anterior Approach, Anterior Column, Open Approach",248
462,7767,9,"Local excision of lesion or tissue of bone, tibia and fibula",248
463,4591,9,Small-to-small intestinal anastomosis,247
464,02703ZZ,10,"Dilation of Coronary Artery, One Artery, Percutaneous Approach",246
465,8541,9,Unilateral simple mastectomy,245
466,0048,9,Insertion of four or more vascular stents,244
467,02HQ32Z,10,"Insertion of Monitoring Device into Right Pulmonary Artery, Percutaneous Approach",244
468,8753,9,Intraoperative cholangiogram,243
469,1736,9,Laparoscopic sigmoidectomy,243
470,0UT20ZZ,10,"Resection of Bilateral Ovaries, Open Approach",243
471,0UQMXZZ,10,"Repair Vulva, External Approach",242
472,0FB98ZX,10,"Excision of Common Bile Duct, Via Natural or Artificial Opening Endoscopic, Diagnostic",241
473,4439,9,Other gastroenterostomy without gastrectomy,240
474,0JB80ZZ,10,"Excision of Abdomen Subcutaneous Tissue and Fascia, Open Approach",239
475,034,9,Excision or destruction of lesion of spinal cord or spinal meninges,239
476,3E0G8GC,10,"Introduction of Other Therapeutic Substance into Upper GI, Via Natural or Artificial Opening Endoscopic",239
477,8873,9,Diagnostic ultrasound of other sites of thorax,239
478,2309,9,Extraction of other tooth,238
479,8827,9,"Skeletal x-ray of thigh, knee, and lower leg",238
480,9952,9,Prophylactic vaccination against influenza,237
481,5371,9,"Laparoscopic repair of diaphragmatic hernia, abdominal approach",237
482,0061,9,Percutaneous angioplasty of extracranial vessel(s),237
483,8543,9,Unilateral extended simple mastectomy,236
484,3505,9,Endovascular replacement of aortic valve,236
485,0SG10A0,10,"Fusion of 2 or more Lumbar Vertebral Joints with Interbody Fusion Device, Anterior Approach, Anterior Column, Open Approach",236
486,8893,9,Magnetic resonance imaging of spinal canal,233
487,0DB80ZZ,10,"Excision of Small Intestine, Open Approach",233
488,02100Z8,10,"Bypass Coronary Artery, One Artery from Right Internal Mammary, Open Approach",233
489,570,9,Transurethral clearance of bladder,233
490,06HY33Z,10,"Insertion of Infusion Device into Lower Vein, Percutaneous Approach",232
491,7865,9,"Removal of implanted devices from bone, femur",230
492,8769,9,Other digestive tract x-ray,229
493,D0001ZZ,10,Beam Radiation of Brain using Photons 1 - 10 MeV,228
494,1733,9,Laparoscopic right hemicolectomy,228
495,9357,9,Application of other wound dressing,227
496,0B9J8ZX,10,"Drainage of Left Lower Lung Lobe, Via Natural or Artificial Opening Endoscopic, Diagnostic",225
497,027035Z,10,"Dilation of Coronary Artery, One Artery with Two Drug-eluting Intraluminal Devices, Percutaneous Approach",225
498,2319,9,Other surgical extraction of tooth,225
499,3942,9,Revision of arteriovenous shunt for renal dialysis,223
500,0RG10A0,10,"Fusion of Cervical Vertebral Joint with Interbody Fusion Device, Anterior Approach, Anterior Column, Open Approach",222
501,0JH60XZ,10,"Insertion of Tunneled Vascular Access Device into Chest Subcutaneous Tissue and Fascia, Open Approach",222
502,0DNW0ZZ,10,"Release Peritoneum, Open Approach",222
503,022,9,Ventriculostomy,221
504,9749,9,Removal of other device from thorax,220
505,0151,9,Excision of lesion or tissue of cerebral meninges,220
506,0DBN0ZZ,10,"Excision of Sigmoid Colon, Open Approach",220
507,543,9,Excision or destruction of lesion or tissue of abdominal wall or umbilicus,218
508,540,9,Incision of abdominal wall,218
509,3241,9,Thoracoscopic lobectomy of lung,218
510,0F798ZZ,10,"Dilation of Common Bile Duct, Via Natural or Artificial Opening Endoscopic",217
511,00JU3ZZ,10,"Inspection of Spinal Canal, Percutaneous Approach",217
512,3533,9,Annuloplasty,217
513,8365,9,Other suture of muscle or fascia,216
514,0051,9,"Implantation of cardiac resynchronization defibrillator, total system [CRT-D]",216
515,3808,9,"Incision of vessel, lower limb arteries",215
516,0881,9,Linear repair of laceration of eyelid or eyebrow,215
517,0W993ZX,10,"Drainage of Right Pleural Cavity, Percutaneous Approach, Diagnostic",215
518,0063,9,Percutaneous insertion of carotid artery stent(s),215
519,4223,9,Other esophagoscopy,215
520,4413,9,Other gastroscopy,213
521,4292,9,Dilation of esophagus,211
522,4A1239Z,10,"Monitoring of Cardiac Output, Percutaneous Approach",210
523,4382,9,Laparoscopic vertical (sleeve) gastrectomy,210
524,7679,9,Other open reduction of facial fracture,209
525,03VG3DZ,10,"Restriction of Intracranial Artery with Intraluminal Device, Percutaneous Approach",209
526,00NW0ZZ,10,"Release Cervical Spinal Cord, Open Approach",209
527,0DH67UZ,10,"Insertion of Feeding Device into Stomach, Via Natural or Artificial Opening",209
528,4709,9,Other appendectomy,208
529,8137,9,"Refusion of lumbar and lumbosacral spine, posterior column, posterior technique",208
530,8867,9,Phlebography of other specified sites using contrast material,208
531,0VT04ZZ,10,"Resection of Prostate, Percutaneous Endoscopic Approach",208
532,3452,9,Thoracoscopic decortication of lung,208
533,0HQ1XZZ,10,"Repair Face Skin, External Approach",207
534,0UH97HZ,10,"Insertion of Contraceptive Device into Uterus, Via Natural or Artificial Opening",207
535,0DB38ZX,10,"Excision of Lower Esophagus, Via Natural or Artificial Opening Endoscopic, Diagnostic",207
536,02HK3KZ,10,"Insertion of Defibrillator Lead into Right Ventricle, Percutaneous Approach",207
537,02RF0JZ,10,"Replacement of Aortic Valve with Synthetic Substitute, Open Approach",207
538,5059,9,Other transplant of liver,206
539,554,9,Partial nephrectomy,205
540,843,9,Revision of amputation stump,205
541,0D20XUZ,10,"Change Feeding Device in Upper Intestinal Tract, External Approach",204
542,391,9,Intra-abdominal venous shunt,204
543,3596,9,Percutaneous balloon valvuloplasty,204
544,10H07YZ,10,"Insertion of Other Device into Products of Conception, Via Natural or Artificial Opening",203
545,DP0C1ZZ,10,Beam Radiation of Other Bone using Photons 1 - 10 MeV,203
546,5211,9,Closed [aspiration] [needle] [percutaneous] biopsy of pancreas,202
547,04CK0ZZ,10,"Extirpation of Matter from Right Femoral Artery, Open Approach",201
548,04CL0ZZ,10,"Extirpation of Matter from Left Femoral Artery, Open Approach",201
549,3736,9,"Excision, destruction, or exclusion of left atrial appendage (LAA)",200
550,5979,9,Other repair of urinary stress incontinence,200
551,0D2DXUZ,10,"Change Feeding Device in Lower Intestinal Tract, External Approach",199
552,6839,9,Other and unspecified subtotal abdominal hysterectomy,198
553,4104,9,Autologous hematopoietic stem cell transplant without purging,198
554,0DHA8UZ,10,"Insertion of Feeding Device into Jejunum, Via Natural or Artificial Opening Endoscopic",197
555,0DBK8ZX,10,"Excision of Ascending Colon, Via Natural or Artificial Opening Endoscopic, Diagnostic",196
556,3523,9,Open and other replacement of mitral valve with tissue graft,196
557,0RT30ZZ,10,"Resection of Cervical Vertebral Disc, Open Approach",196
558,4575,9,Open and other left hemicolectomy,196
559,0JH608Z,10,"Insertion of Defibrillator Generator into Chest Subcutaneous Tissue and Fascia, Open Approach",196
560,5022,9,Partial hepatectomy,195
561,9608,9,Insertion of (naso-)intestinal tube,194
562,8388,9,Other plastic operations on tendon,194
563,0DBM8ZX,10,"Excision of Descending Colon, Via Natural or Artificial Opening Endoscopic, Diagnostic",193
564,0HRV077,10,"Replacement of Bilateral Breast using Deep Inferior Epigastric Artery Perforator Flap, Open Approach",193
565,0UTC0ZZ,10,"Resection of Cervix, Open Approach",191
566,3844,9,"Resection of vessel with replacement, aorta, abdominal",191
567,7937,9,"Open reduction of fracture with internal fixation, tarsals and metatarsals",191
568,00B70ZZ,10,"Excision of Cerebral Hemisphere, Open Approach",191
569,0D1B4Z4,10,"Bypass Ileum to Cutaneous, Percutaneous Endoscopic Approach",191
570,8821,9,Skeletal x-ray of shoulder and upper arm,188
571,3963,9,Cardioplegia,187
572,3733,9,"Excision or destruction of other lesion or tissue of heart, open approach",187
573,2911,9,Pharyngoscopy,187
574,0DB90ZZ,10,"Excision of Duodenum, Open Approach",187
575,3391,9,Bronchial dilation,186
576,0HBJXZZ,10,"Excision of Left Upper Leg Skin, External Approach",186
577,3951,9,Clipping of aneurysm,186
578,0B968ZX,10,"Drainage of Right Lower Lobe Bronchus, Via Natural or Artificial Opening Endoscopic, Diagnostic",186
579,8864,9,Phlebography of the portal venous system using contrast material,185
580,5012,9,Open biopsy of liver,185
581,2W30XYZ,10,Immobilization of Head using Other Device,184
582,0DTJ4ZZ,10,"Resection of Appendix, Percutaneous Endoscopic Approach",184
583,0JPT0PZ,10,"Removal of Cardiac Rhythm Related Device from Trunk Subcutaneous Tissue and Fascia, Open Approach",184
584,02BG0ZZ,10,"Excision of Mitral Valve, Open Approach",184
585,5362,9,Laparoscopic incisional hernia repair with graft or prosthesis,183
586,3975,9,Endovascular embolization or occlusion of vessel(s) of head or neck using bare coils,183
587,8828,9,Skeletal x-ray of ankle and foot,183
588,0S9C3ZX,10,"Drainage of Right Knee Joint, Percutaneous Approach, Diagnostic",182
589,8192,9,Injection of therapeutic substance into joint or ligament,182
590,4869,9,Other resection of rectum,181
591,0DBL8ZX,10,"Excision of Transverse Colon, Via Natural or Artificial Opening Endoscopic, Diagnostic",181
592,3998,9,"Control of hemorrhage, not otherwise specified",181
593,0B9B8ZX,10,"Drainage of Left Lower Lobe Bronchus, Via Natural or Artificial Opening Endoscopic, Diagnostic",181
594,8412,9,Amputation through foot,181
595,7676,9,Open reduction of mandibular fracture,180
596,0QBN0ZZ,10,"Excision of Right Metatarsal, Open Approach",180
597,8395,9,Aspiration of other soft tissue,180
598,00C40ZZ,10,"Extirpation of Matter from Intracranial Subdural Space, Open Approach",179
599,0QBP0ZZ,10,"Excision of Left Metatarsal, Open Approach",179
600,8472,9,"Application of external fixator device, ring system",179
601,3771,9,Initial insertion of transvenous lead [electrode] into ventricle,178
602,02RG08Z,10,"Replacement of Mitral Valve with Zooplastic Tissue, Open Approach",178
603,0DTN0ZZ,10,"Resection of Sigmoid Colon, Open Approach",177
604,754,9,Manual removal of retained placenta,177
605,8609,9,Other incision of skin and subcutaneous tissue,177
606,0T768DZ,10,"Dilation of Right Ureter with Intraluminal Device, Via Natural or Artificial Opening Endoscopic",177
607,8147,9,Other repair of knee,177
608,9703,9,Replacement of tube or enterostomy device of small intestine,177
609,8086,9,"Other local excision or destruction of lesion of joint, knee",176
610,4652,9,Closure of stoma of large intestine,176
611,0JH60WZ,10,"Insertion of Totally Implantable Vascular Access Device into Chest Subcutaneous Tissue and Fascia, Open Approach",176
612,0KNK0ZZ,10,"Release Right Abdomen Muscle, Open Approach",176
613,02RX0JZ,10,"Replacement of Thoracic Aorta, Ascending/Arch with Synthetic Substitute, Open Approach",176
614,00U20KZ,10,"Supplement Dura Mater with Nonautologous Tissue Substitute, Open Approach",175
615,3E05317,10,"Introduction of Other Thrombolytic into Peripheral Artery, Percutaneous Approach",175
616,4610,9,"Colostomy, not otherwise specified",174
617,5419,9,Other laparotomy,174
618,0KNL0ZZ,10,"Release Left Abdomen Muscle, Open Approach",174
619,B310YZZ,10,Fluoroscopy of Thoracic Aorta using Other Contrast,173
620,9659,9,Other irrigation of wound,172
621,8534,9,Other unilateral subcutaneous mammectomy,171
622,0ST20ZZ,10,"Resection of Lumbar Vertebral Disc, Open Approach",171
623,864,9,Radical excision of skin lesion,171
624,8104,9,"Dorsal and dorsolumbar fusion of the anterior column, anterior technique",171
625,06BQ0ZZ,10,"Excision of Left Saphenous Vein, Open Approach",171
626,3249,9,Other lobectomy of lung,171
627,0T9030Z,10,"Drainage of Right Kidney with Drainage Device, Percutaneous Approach",170
628,8724,9,Other x-ray of lumbosacral spine,170
629,5A0221D,10,"Assistance with Cardiac Output using Impeller Pump, Continuous",170
630,3403,9,Reopening of recent thoracotomy site,170
631,4673,9,"Suture of laceration of small intestine, except duodenum",169
632,0B9C8ZX,10,"Drainage of Right Upper Lung Lobe, Via Natural or Artificial Opening Endoscopic, Diagnostic",169
633,7770,9,"Excision of bone for graft, unspecified site",169
634,0F7D8DZ,10,"Dilation of Pancreatic Duct with Intraluminal Device, Via Natural or Artificial Opening Endoscopic",169
635,4620,9,"Ileostomy, not otherwise specified",169
636,0B110F4,10,"Bypass Trachea to Cutaneous with Tracheostomy Device, Open Approach",169
637,3326,9,Closed [percutaneous] [needle] biopsy of lung,168
638,0FJB8ZZ,10,"Inspection of Hepatobiliary Duct, Via Natural or Artificial Opening Endoscopic",168
639,8823,9,Skeletal x-ray of wrist and hand,168
640,0B958ZX,10,"Drainage of Right Middle Lobe Bronchus, Via Natural or Artificial Opening Endoscopic, Diagnostic",167
641,6A551Z3,10,"Pheresis of Plasma, Multiple",167
642,9802,9,Removal of intraluminal foreign body from esophagus without incision,167
643,B215YZZ,10,Fluoroscopy of Left Heart using Other Contrast,166
644,0206,9,Other cranial osteoplasty,166
645,6909,9,Other dilation and curettage,166
646,8364,9,Other suture of tendon,166
647,7562,9,Repair of current obstetric laceration of rectum and sphincter ani,166
648,3199,9,Other operations on trachea,166
649,0W9B3ZX,10,"Drainage of Left Pleural Cavity, Percutaneous Approach, Diagnostic",166
650,4881,9,Incision of perirectal tissue,166
651,3712,9,Pericardiotomy,165
652,00NY0ZZ,10,"Release Lumbar Spinal Cord, Open Approach",165
653,4514,9,Closed [endoscopic] biopsy of small intestine,165
654,02580ZZ,10,"Destruction of Conduction Mechanism, Open Approach",164
655,02110Z9,10,"Bypass Coronary Artery, Two Arteries from Left Internal Mammary, Open Approach",164
656,6497,9,Insertion or replacement of inflatable penile prosthesis,163
657,9356,9,Application of pressure dressing,162
658,4685,9,Dilation of intestine,162
659,0HQ0XZZ,10,"Repair Scalp Skin, External Approach",162
660,0T9130Z,10,"Drainage of Left Kidney with Drainage Device, Percutaneous Approach",162
661,2101,9,Control of epistaxis by anterior nasal packing,161
662,0092,9,Transplant from live non-related donor,161
663,04V03DZ,10,"Restriction of Abdominal Aorta with Intraluminal Device, Percutaneous Approach",161
664,03HY32Z,10,"Insertion of Monitoring Device into Upper Artery, Percutaneous Approach",161
665,B214YZZ,10,Fluoroscopy of Right Heart using Other Contrast,161
666,3422,9,Mediastinoscopy,161
667,0U7C7ZZ,10,"Dilation of Cervix, Via Natural or Artificial Opening",160
668,8016,9,"Other arthrotomy, knee",160
669,4836,9,[Endoscopic] polypectomy of rectum,160
670,0UT74ZZ,10,"Resection of Bilateral Fallopian Tubes, Percutaneous Endoscopic Approach",159
671,07B60ZX,10,"Excision of Left Axillary Lymphatic, Open Approach, Diagnostic",159
672,740,9,Classical cesarean section,159
673,0443,9,Release of carpal tunnel,158
674,8532,9,Bilateral reduction mammoplasty,158
675,6902,9,Dilation and curettage following delivery or abortion,158
676,8589,9,Other mammoplasty,158
677,6549,9,Other unilateral salpingo-oophorectomy,158
678,0DV44ZZ,10,"Restriction of Esophagogastric Junction, Percutaneous Endoscopic Approach",157
679,B24BZZ4,10,"Ultrasonography of Heart with Aorta, Transesophageal",157
680,7692,9,Insertion of synthetic implant in facial bone,157
681,0S9D3ZX,10,"Drainage of Left Knee Joint, Percutaneous Approach, Diagnostic",157
682,9928,9,Injection or infusion of biological response modifier [BRM] as an antineoplastic agent,157
683,0UB70ZZ,10,"Excision of Bilateral Fallopian Tubes, Open Approach",157
684,5462,9,Delayed closure of granulating abdominal wound,156
685,0TB13ZX,10,"Excision of Left Kidney, Percutaneous Approach, Diagnostic",156
686,8844,9,Arteriography of other intrathoracic vessels,156
687,7279,9,Other vacuum extraction,156
688,07B50ZX,10,"Excision of Right Axillary Lymphatic, Open Approach, Diagnostic",155
689,5424,9,Closed [percutaneous] [needle] biopsy of intra-abdominal mass,155
690,4A11X4G,10,"Monitoring of Peripheral Nervous Electrical Activity, Intraoperative, External Approach",154
691,3956,9,Repair of blood vessel with tissue patch graft,153
692,5137,9,Anastomosis of hepatic duct to gastrointestinal tract,153
693,4632,9,Percutaneous (endoscopic) jejunostomy [PEJ],153
694,3E04317,10,"Introduction of Other Thrombolytic into Central Vein, Percutaneous Approach",153
695,0FJ44ZZ,10,"Inspection of Gallbladder, Percutaneous Endoscopic Approach",153
696,06BP0ZZ,10,"Excision of Right Saphenous Vein, Open Approach",152
697,0DBB8ZX,10,"Excision of Ileum, Via Natural or Artificial Opening Endoscopic, Diagnostic",152
698,0JB70ZZ,10,"Excision of Back Subcutaneous Tissue and Fascia, Open Approach",151
699,B41DYZZ,10,Fluoroscopy of Aorta and Bilateral Lower Extremity Arteries using Other Contrast,151
700,0RGA071,10,"Fusion of Thoracolumbar Vertebral Joint with Autologous Tissue Substitute, Posterior Approach, Posterior Column, Open Approach",151
701,7672,9,Open reduction of malar and zygomatic fracture,150
702,0096,9,Infusion of 4-Factor Prothrombin Complex Concentrate,150
703,02PA3MZ,10,"Removal of Cardiac Lead from Heart, Percutaneous Approach",150
704,0KNS0ZZ,10,"Release Right Lower Leg Muscle, Open Approach",149
705,4A023FZ,10,"Measurement of Cardiac Rhythm, Percutaneous Approach",149
706,03CL0ZZ,10,"Extirpation of Matter from Left Internal Carotid Artery, Open Approach",149
707,0CJY8ZZ,10,"Inspection of Mouth and Throat, Via Natural or Artificial Opening Endoscopic",148
708,6021,9,Transurethral (ultrasound) guided laser induced prostatectomy (TULIP),148
709,9656,9,Other lavage of bronchus and trachea,147
710,5304,9,Other and open repair of indirect inguinal hernia with graft or prosthesis,147
711,0084,9,"Revision of total knee replacement, tibial insert (liner)",147
712,0124,9,Other craniotomy,146
713,7962,9,"Debridement of open fracture site, radius and ulna",146
714,9396,9,Other oxygen enrichment,146
715,8878,9,Diagnostic ultrasound of gravid uterus,146
716,0449,9,Other peripheral nerve or ganglion decompression or lysis of adhesions,146
717,0DB28ZX,10,"Excision of Middle Esophagus, Via Natural or Artificial Opening Endoscopic, Diagnostic",145
718,8385,9,Other change in muscle or tendon length,145
719,6952,9,Aspiration curettage following delivery or abortion,145
720,4863,9,Other anterior resection of rectum,145
721,0QS604Z,10,"Reposition Right Upper Femur with Internal Fixation Device, Open Approach",145
722,8914,9,Electroencephalogram,145
723,0DB48ZX,10,"Excision of Esophagogastric Junction, Via Natural or Artificial Opening Endoscopic, Diagnostic",145
724,0695,9,Parathyroid tissue reimplantation,144
725,0DTF4ZZ,10,"Resection of Right Large Intestine, Percutaneous Endoscopic Approach",144
726,850,9,Mastotomy,144
727,5369,9,Other and open repair of other hernia of anterior abdominal wall with graft or prosthesis,144
728,02UJ0JZ,10,"Supplement Tricuspid Valve with Synthetic Substitute, Open Approach",144
729,0UT94ZZ,10,"Resection of Uterus, Percutaneous Endoscopic Approach",144
730,0WJG0ZZ,10,"Inspection of Peritoneal Cavity, Open Approach",144
731,0DBA0ZZ,10,"Excision of Jejunum, Open Approach",143
732,3E0U0GB,10,"Introduction of Recombinant Bone Morphogenetic Protein into Joints, Open Approach",143
733,06L38CZ,10,"Occlusion of Esophageal Vein with Extraluminal Device, Via Natural or Artificial Opening Endoscopic",143
734,8536,9,Other bilateral subcutaneous mammectomy,143
735,7761,9,"Local excision of lesion or tissue of bone, scapula, clavicle, and thorax [ribs and sternum]",143
736,0QSJ04Z,10,"Reposition Right Fibula with Internal Fixation Device, Open Approach",143
737,4582,9,Open total intra-abdominal colectomy,142
738,0QS704Z,10,"Reposition Left Upper Femur with Internal Fixation Device, Open Approach",142
739,0FY00Z0,10,"Transplantation of Liver, Allogeneic, Open Approach",142
740,0DTN4ZZ,10,"Resection of Sigmoid Colon, Percutaneous Endoscopic Approach",142
741,9911,9,Injection of Rh immune globulin,142
742,4594,9,Large-to-large intestinal anastomosis,142
743,0139,9,Other incision of brain,142
744,03CK0ZZ,10,"Extirpation of Matter from Right Internal Carotid Artery, Open Approach",142
745,0T778DZ,10,"Dilation of Left Ureter with Intraluminal Device, Via Natural or Artificial Opening Endoscopic",142
746,8164,9,Fusion or refusion of 9 or more vertebrae,141
747,0TY00Z0,10,"Transplantation of Right Kidney, Allogeneic, Open Approach",141
748,5013,9,Transjugular liver biopsy,141
749,697,9,Insertion of intrauterine contraceptive device,141
750,0395,9,Spinal blood patch,140
751,0DBH8ZX,10,"Excision of Cecum, Via Natural or Artificial Opening Endoscopic, Diagnostic",140
752,4444,9,Transcatheter embolization for gastric or duodenal bleeding,139
753,03LG3DZ,10,"Occlusion of Intracranial Artery with Intraluminal Device, Percutaneous Approach",139
754,8344,9,Other fasciectomy,139
755,9744,9,Nonoperative removal of heart assist system,139
756,8594,9,Removal of implant of breast,139
757,02C03ZZ,10,"Extirpation of Matter from Coronary Artery, One Artery, Percutaneous Approach",138
758,8166,9,Percutaneous vertebral augmentation,138
759,06L34CZ,10,"Occlusion of Esophageal Vein with Extraluminal Device, Percutaneous Endoscopic Approach",138
760,4A1H7CZ,10,"Monitoring of Products of Conception, Cardiac Rate, Via Natural or Artificial Opening",137
761,3932,9,Suture of vein,137
762,8401,9,Amputation and disarticulation of finger,137
763,4041,9,"Radical neck dissection, unilateral",137
764,4105,9,Allogeneic hematopoietic stem cell transpant without purging,136
765,0091,9,Transplant from live related donor,136
766,0QSK04Z,10,"Reposition Left Fibula with Internal Fixation Device, Open Approach",134
767,9227,9,Implantation or insertion of radioactive elements,134
768,0BQT4ZZ,10,"Repair Diaphragm, Percutaneous Endoscopic Approach",134
769,7987,9,Open reduction of dislocation of ankle,134
770,4623,9,Other permanent ileostomy,133
771,06183J4,10,"Bypass Portal Vein to Hepatic Vein with Synthetic Substitute, Percutaneous Approach",133
772,4341,9,Endoscopic excision or destruction of lesion or tissue of stomach,133
773,5631,9,Ureteroscopy,132
774,10H073Z,10,"Insertion of Monitoring Electrode into Products of Conception, Via Natural or Artificial Opening",132
775,5359,9,Repair of other hernia of anterior abdominal wall,132
776,8363,9,Rotator cuff repair,132
777,00HU03Z,10,"Insertion of Infusion Device into Spinal Canal, Open Approach",132
778,10D17ZZ,10,"Extraction of Products of Conception, Retained, Via Natural or Artificial Opening",131
779,3779,9,Revision or relocation of cardiac device pocket,131
780,0HBHXZZ,10,"Excision of Right Upper Leg Skin, External Approach",131
781,021309W,10,"Bypass Coronary Artery, Four or More Arteries from Aorta with Autologous Venous Tissue, Open Approach",131
782,4621,9,Temporary ileostomy,131
783,02PYX3Z,10,"Removal of Infusion Device from Great Vessel, External Approach",130
784,0QBM0ZZ,10,"Excision of Left Tarsal, Open Approach",130
785,0050,9,"Implantation of cardiac resynchronization pacemaker without mention of defibrillation, total system [CRT-P]",129
786,6851,9,Laparoscopically assisted vaginal hysterectomy (LAVH),129
787,8081,9,"Other local excision or destruction of lesion of joint, shoulder",129
788,0DB60ZZ,10,"Excision of Stomach, Open Approach",129
789,01N10ZZ,10,"Release Cervical Nerve, Open Approach",129
790,0BC78ZZ,10,"Extirpation of Matter from Left Main Bronchus, Via Natural or Artificial Opening Endoscopic",128
791,7975,9,Closed reduction of dislocation of hip,127
792,0RG7071,10,"Fusion of 2 to 7 Thoracic Vertebral Joints with Autologous Tissue Substitute, Posterior Approach, Posterior Column, Open Approach",127
793,0DTF0ZZ,10,"Resection of Right Large Intestine, Open Approach",127
794,04L33DZ,10,"Occlusion of Hepatic Artery with Intraluminal Device, Percutaneous Approach",126
795,0DBE8ZX,10,"Excision of Large Intestine, Via Natural or Artificial Opening Endoscopic, Diagnostic",126
796,0SP004Z,10,"Removal of Internal Fixation Device from Lumbar Vertebral Joint, Open Approach",126
797,0UT24ZZ,10,"Resection of Bilateral Ovaries, Percutaneous Endoscopic Approach",126
798,0239,9,Ventricular shunt to extracranial site NEC,126
799,0KNT0ZZ,10,"Release Left Lower Leg Muscle, Open Approach",125
800,6831,9,Laparoscopic supracervical hysterectomy [LSH],125
801,0110,9,Intracranial pressure monitoring,125
802,4A033BC,10,"Measurement of Arterial Pressure, Coronary, Percutaneous Approach",125
803,0F9530Z,10,"Drainage of Right Hepatic Duct with Drainage Device, Percutaneous Approach",125
804,3524,9,Open and other replacement of mitral valve,124
805,3179,9,Other repair and plastic operations on trachea,124
806,0SRB04A,10,"Replacement of Left Hip Joint with Ceramic on Polyethylene Synthetic Substitute, Uncemented, Open Approach",124
807,043,9,Suture of cranial and peripheral nerves,124
808,3348,9,Other repair and plastic operations on bronchus,123
809,4595,9,Anastomosis to anus,123
810,3E0234Z,10,"Introduction of Serum, Toxoid and Vaccine into Muscle, Percutaneous Approach",123
811,7745,9,"Biopsy of bone, femur",123
812,6541,9,Laparoscopic unilateral salpingo-oophorectomy,123
813,9815,9,Removal of intraluminal foreign body from trachea and bronchus without incision,123
814,0QP004Z,10,"Removal of Internal Fixation Device from Lumbar Vertebra, Open Approach",122
815,0DTJ0ZZ,10,"Resection of Appendix, Open Approach",122
816,3421,9,Transpleural thoracoscopy,122
817,8627,9,"Debridement of nail, nail bed, or nail fold",122
818,2751,9,Suture of laceration of lip,122
819,0SR904A,10,"Replacement of Right Hip Joint with Ceramic on Polyethylene Synthetic Substitute, Uncemented, Open Approach",121
820,7916,9,"Closed reduction of fracture with internal fixation, tibia and fibula",120
821,280,9,Incision and drainage of tonsil and peritonsillar structures,120
822,0W9G0ZZ,10,"Drainage of Peritoneal Cavity, Open Approach",120
823,539,9,Other hernia repair,120
824,3787,9,Replacement of any type pacemaker device with dual-chamber device,119
825,0DBN4ZZ,10,"Excision of Sigmoid Colon, Percutaneous Endoscopic Approach",119
826,0722,9,Unilateral adrenalectomy,119
827,02H63KZ,10,"Insertion of Defibrillator Lead into Right Atrium, Percutaneous Approach",119
828,9468,9,Combined alcohol and drug detoxification,119
829,8542,9,Bilateral simple mastectomy,119
830,5014,9,Laparoscopic liver biopsy,118
831,9762,9,Removal of ureterostomy tube and ureteral catheter,118
832,3777,9,Removal of lead(s) [electrode] without replacement,117
833,00B00ZZ,10,"Excision of Brain, Open Approach",117
834,0DTP4ZZ,10,"Resection of Rectum, Percutaneous Endoscopic Approach",117
835,05HY33Z,10,"Insertion of Infusion Device into Upper Vein, Percutaneous Approach",117
836,5341,9,Other and open repair of umbilical hernia with graft or prosthesis,116
837,437,9,Partial gastrectomy with anastomosis to jejunum,116
838,0293,9,Implantation or replacement of intracranial neurostimulator lead(s),116
839,0RG4071,10,"Fusion of Cervicothoracic Vertebral Joint with Autologous Tissue Substitute, Posterior Approach, Posterior Column, Open Approach",115
840,8457,9,Removal of (cement) spacer,115
841,7675,9,Closed reduction of mandibular fracture,115
842,02UG3JZ,10,"Supplement Mitral Valve with Synthetic Substitute, Percutaneous Approach",115
843,B31FYZZ,10,Fluoroscopy of Left Vertebral Artery using Other Contrast,115
844,B315YZZ,10,Fluoroscopy of Bilateral Common Carotid Arteries using Other Contrast,114
845,0BBG4ZZ,10,"Excision of Left Upper Lung Lobe, Percutaneous Endoscopic Approach",114
846,0043,9,Procedure on four or more vessels,114
847,3479,9,Other repair of chest wall,114
848,DW061ZZ,10,Beam Radiation of Pelvic Region using Photons 1 - 10 MeV,114
849,10D07Z6,10,"Extraction of Products of Conception, Vacuum, Via Natural or Artificial Opening",114
850,9979,9,Other therapeutic apheresis,114
851,0B9G8ZX,10,"Drainage of Left Upper Lung Lobe, Via Natural or Artificial Opening Endoscopic, Diagnostic",114
852,0BBC4ZZ,10,"Excision of Right Upper Lung Lobe, Percutaneous Endoscopic Approach",113
853,5252,9,Distal pancreatectomy,113
854,0DBP0ZZ,10,"Excision of Rectum, Open Approach",113
855,8E09XBZ,10,Computer Assisted Procedure of Head and Neck Region,113
856,6859,9,Other and unspecified vaginal hysterectomy,113
857,3228,9,Endoscopic excision or destruction of lesion or tissue of lung,113
858,00163J6,10,"Bypass Cerebral Ventricle to Peritoneal Cavity with Synthetic Substitute, Percutaneous Approach",112
859,3781,9,"Initial insertion of single-chamber device, not specified as rate responsive",112
860,02HA3RZ,10,"Insertion of Short-term External Heart Assist System into Heart, Percutaneous Approach",112
861,7934,9,"Open reduction of fracture with internal fixation, phalanges of hand",111
862,8332,9,Excision of lesion of muscle,111
863,0039,9,Other computer assisted surgery,111
864,8417,9,Amputation above knee,111
865,9312,9,Other active musculoskeletal exercise,110
866,0DQB0ZZ,10,"Repair Ileum, Open Approach",110
867,7807,9,"Bone graft, tibia and fibula",110
868,009U3ZZ,10,"Drainage of Spinal Canal, Percutaneous Approach",110
869,0FPB30Z,10,"Removal of Drainage Device from Hepatobiliary Duct, Percutaneous Approach",110
870,02L70CK,10,"Occlusion of Left Atrial Appendage with Extraluminal Device, Open Approach",110
871,4921,9,Anoscopy,110
872,30233N1,10,"Transfusion of Nonautologous Red Blood Cells into Peripheral Vein, Percutaneous Approach",109
873,9465,9,Drug detoxification,109
874,4611,9,Temporary colostomy,109
875,07TC4ZZ,10,"Resection of Pelvis Lymphatic, Percutaneous Endoscopic Approach",109
876,1755,9,Transluminal coronary atherectomy,109
877,3775,9,Revision of lead [electrode],109
878,7781,9,"Other partial ostectomy, scapula, clavicle, and thorax [ribs and sternum]",108
879,503,9,Lobectomy of liver,108
880,0HTV0ZZ,10,"Resection of Bilateral Breast, Open Approach",108
881,02L70ZK,10,"Occlusion of Left Atrial Appendage, Open Approach",107
882,6529,9,Other local excision or destruction of ovary,107
883,0FD98ZX,10,"Extraction of Common Bile Duct, Via Natural or Artificial Opening Endoscopic, Diagnostic",107
884,0DNW4ZZ,10,"Release Peritoneum, Percutaneous Endoscopic Approach",107
885,0QBG0ZZ,10,"Excision of Right Tibia, Open Approach",106
886,07B74ZZ,10,"Excision of Thorax Lymphatic, Percutaneous Endoscopic Approach",106
887,05H533Z,10,"Insertion of Infusion Device into Right Subclavian Vein, Percutaneous Approach",106
888,8968,9,Monitoring of cardiac output by other technique,106
889,7271,9,Vacuum extraction with episiotomy,106
890,00QT0ZZ,10,"Repair Spinal Meninges, Open Approach",106
891,0B978ZX,10,"Drainage of Left Main Bronchus, Via Natural or Artificial Opening Endoscopic, Diagnostic",106
892,00NX0ZZ,10,"Release Thoracic Spinal Cord, Open Approach",105
893,03CG3ZZ,10,"Extirpation of Matter from Intracranial Artery, Percutaneous Approach",105
894,05H633Z,10,"Insertion of Infusion Device into Left Subclavian Vein, Percutaneous Approach",105
895,7868,9,"Removal of implanted devices from bone, tarsals and metatarsals",104
896,0SG00AJ,10,"Fusion of Lumbar Vertebral Joint with Interbody Fusion Device, Posterior Approach, Anterior Column, Open Approach",104
897,0294,9,Insertion or replacement of skull tongs or halo traction device,104
898,5112,9,Percutaneous biopsy of gallbladder or bile ducts,104
899,0JBM0ZZ,10,"Excision of Left Upper Leg Subcutaneous Tissue and Fascia, Open Approach",103
900,0B938ZX,10,"Drainage of Right Main Bronchus, Via Natural or Artificial Opening Endoscopic, Diagnostic",103
901,DB021ZZ,10,Beam Radiation of Lung using Photons 1 - 10 MeV,103
902,0BU10JZ,10,"Supplement Trachea with Synthetic Substitute, Open Approach",103
903,2Y41X5Z,10,Packing of Nasal Region using Packing Material,102
904,0BBF4ZZ,10,"Excision of Right Lower Lung Lobe, Percutaneous Endoscopic Approach",102
905,B414YZZ,10,Fluoroscopy of Superior Mesenteric Artery using Other Contrast,102
906,0UB90ZZ,10,"Excision of Uterus, Open Approach",102
907,4A0234Z,10,"Measurement of Cardiac Electrical Activity, Percutaneous Approach",102
908,0QB03ZX,10,"Excision of Lumbar Vertebra, Percutaneous Approach, Diagnostic",102
909,7747,9,"Biopsy of bone, tibia and fibula",102
910,0125,9,Other craniectomy,101
911,7765,9,"Local excision of lesion or tissue of bone, femur",101
912,3776,9,Replacement of transvenous atrial and/or ventricular lead(s) [electrode],101
913,0QBH0ZZ,10,"Excision of Left Tibia, Open Approach",101
914,8866,9,Phlebography of femoral and other lower extremity veins using contrast material,101
