,label,careunit,counts
50,Troponin T,Medical Intensive Care Unit (MICU),84
52,Troponin T,Medicine,11
48,Troponin T,Emergency Department,7
55,Troponin T,Transplant,6
49,Troponin T,Med/Surg,5
47,Troponin T,Coronary Care Unit (CCU),3
54,Troponin T,Surgical Intensive Care Unit (SICU),3
53,Troponin T,Neurology,2
56,Troponin T,Trauma SICU (TSICU),2
51,Troponin T,Medical/Surgical Intensive Care Unit (MICU/SICU),1
57,Troponin T,Vascular,1
42,NTproBNP,Medical Intensive Care Unit (MICU),10
45,NTproBNP,Transplant,2
40,NTproBNP,Emergency Department,1
41,NTproBNP,Med/Surg,1
43,NTproBNP,Neurology,1
44,NTproBNP,Surgical Intensive Care Unit (SICU),1
46,NTproBNP,Trauma SICU (TSICU),1
31,Lactate,Medical Intensive Care Unit (MICU),178
33,Lactate,Medicine,29
27,Lactate,Emergency Department,18
37,Lactate,Transplant,14
32,Lactate,Medical/Surgical Intensive Care Unit (MICU/SICU),10
29,Lactate,Med/Surg,9
36,Lactate,Surgical Intensive Care Unit (SICU),9
34,Lactate,Neurology,6
26,Lactate,Coronary Care Unit (CCU),5
38,Lactate,Trauma SICU (TSICU),4
25,Lactate,Cardiac Vascular Intensive Care Unit (CVICU),2
28,Lactate,Emergency Department Observation,2
30,Lactate,Med/Surg/GYN,1
35,Lactate,Surgery/Vascular/Intermediate,1
39,Lactate,Vascular,1
19,Ferritin,Medical Intensive Care Unit (MICU),26
20,Ferritin,Medicine,9
17,Ferritin,Med/Surg,4
23,Ferritin,Surgical Intensive Care Unit (SICU),3
24,Ferritin,Transplant,3
22,Ferritin,Neurology,2
15,Ferritin,Cardiac Vascular Intensive Care Unit (CVICU),1
16,Ferritin,Coronary Care Unit (CCU),1
18,Ferritin,Med/Surg/GYN,1
21,Ferritin,Medicine/Cardiology,1
9,Cortisol,Medical Intensive Care Unit (MICU),14
11,Cortisol,Medicine,6
13,Cortisol,Transplant,3
8,Cortisol,Med/Surg,2
7,Cortisol,Coronary Care Unit (CCU),1
10,Cortisol,Medical/Surgical Intensive Care Unit (MICU/SICU),1
12,Cortisol,Surgical Intensive Care Unit (SICU),1
14,Cortisol,Vascular,1
2,C-Reactive Protein,Medical Intensive Care Unit (MICU),16
3,C-Reactive Protein,Medicine,16
1,C-Reactive Protein,Med/Surg,4
5,C-Reactive Protein,Transplant,2
6,C-Reactive Protein,Vascular,2
0,C-Reactive Protein,Cardiac Vascular Intensive Care Unit (CVICU),1
4,C-Reactive Protein,Medicine/Cardiology,1
