itemid,label,abbreviation,linksto,category,unitname,param_type,lownormalvalue,highnormalvalue
229351,Foley Catheter,Indwelling Urinary Catheter,procedureevents,GI/GU,None,Processes,,
225430,Cardiac Cath,Cardiac Cath,procedureevents,4-Procedures,None,Processes,,
229577,Cath Lab (Received),Cath Lab (Received),procedureevents,4-Procedures,None,Processes,,
229578,Cath Lab (Sent),Cath Lab (Sent),procedureevents,4-Procedures,None,Processes,,
225476,Unplanned Line/Catheter Removal (Non-Patient initated),Unplanned Line/Catheter Removal (Non-Patient inita,procedureevents,3-Significant Events,None,Processes,,
225821,Unplanned Line/Catheter Removal (Patient Initiated),Unplanned Line/Catheter Removal (Patient Initiated,procedureevents,3-Significant Events,None,Processes,,
224270,Dialysis Catheter,Dialysis Catheter,procedureevents,Access Lines - Invasive,None,Processes,,
224273,Presep Catheter,Presep Catheter,procedureevents,Access Lines - Invasive,None,Processes,,
224560,PA Catheter,PA Catheter,procedureevents,Access Lines - Invasive,None,Processes,,
225202,Indwelling Port (PortaCath),Indwelling Port (PortaCath),procedureevents,Access Lines - Invasive,None,Processes,,
225203,Pheresis Catheter,Pheresis Catheter,procedureevents,Access Lines - Invasive,None,Processes,,
226124,ICP Catheter,ICP/Neuro Mon Catheter,procedureevents,Access Lines - Invasive,None,Processes,,
229517,Multi Lumen Cooling Catheter,Multi Lumen Cooling Catheter,procedureevents,Access Lines - Invasive,None,Processes,,