,icd_code,icd_version,long_title,count
46,3615,9,Single internal mammary-coronary artery bypass,3096
72,02100Z9,10,"Bypass Coronary Artery, One Artery from Left Internal Mammary, Open Approach",2008
122,3612,9,(Aorto)coronary bypass of two coronary arteries,1179
130,3613,9,(Aorto)coronary bypass of three coronary arteries,1074
187,021109W,10,"Bypass Coronary Artery, Two Arteries from Aorta with Autologous Venous Tissue, Open Approach",712
194,3611,9,(Aorto)coronary bypass of one coronary artery,689
258,021209W,10,"Bypass Coronary Artery, Three Arteries from Aorta with Autologous Venous Tissue, Open Approach",520
273,021009W,10,"Bypass Coronary Artery, One Artery from Aorta with Autologous Venous Tissue, Open Approach",484
350,3614,9,(Aorto)coronary bypass of four or more coronary arteries,340
415,02100AW,10,"Bypass Coronary Artery, One Artery from Aorta with Autologous Arterial Tissue, Open Approach",279
489,02100Z8,10,"Bypass Coronary Artery, One Artery from Right Internal Mammary, Open Approach",233
779,021309W,10,"Bypass Coronary Artery, Four or More Arteries from Aorta with Autologous Venous Tissue, Open Approach",131
1416,0210099,10,"Bypass Coronary Artery, One Artery from Left Internal Mammary with Autologous Venous Tissue, Open Approach",53
1622,02110AW,10,"Bypass Coronary Artery, Two Arteries from Aorta with Autologous Arterial Tissue, Open Approach",44
1986,02100A9,10,"Bypass Coronary Artery, One Artery from Left Internal Mammary with Autologous Arterial Tissue, Open Approach",31
2402,3616,9,Double internal mammary-coronary artery bypass,23
3052,02100A8,10,"Bypass Coronary Artery, One Artery from Right Internal Mammary with Autologous Arterial Tissue, Open Approach",15
3508,3619,9,Other bypass anastomosis for heart revascularization,12
4964,02120AW,10,"Bypass Coronary Artery, Three Arteries from Aorta with Autologous Arterial Tissue, Open Approach",6
7369,02130AW,10,"Bypass Coronary Artery, Four or More Arteries from Aorta with Autologous Arterial Tissue, Open Approach",2
8270,0210098,10,"Bypass Coronary Artery, One Artery from Right Internal Mammary with Autologous Venous Tissue, Open Approach",2
8626,021049W,10,"Bypass Coronary Artery, One Artery from Aorta with Autologous Venous Tissue, Percutaneous Endoscopic Approach",2
9077,0210089,10,"Bypass Coronary Artery, One Artery from Left Internal Mammary with Zooplastic Tissue, Open Approach",1
9720,02120KW,10,"Bypass Coronary Artery, Three Arteries from Aorta with Nonautologous Tissue Substitute, Open Approach",1
10070,3617,9,Abdominal-coronary artery bypass,1
10430,0210499,10,"Bypass Coronary Artery, One Artery from Left Internal Mammary with Autologous Venous Tissue, Percutaneous Endoscopic Approach",1
10922,02104K8,10,"Bypass Coronary Artery, One Artery from Right Internal Mammary with Nonautologous Tissue Substitute, Percutaneous Endoscopic Approach",1
11902,02104Z9,10,"Bypass Coronary Artery, One Artery from Left Internal Mammary, Percutaneous Endoscopic Approach",1
