,icd_code,icd_version,long_title,count
12805,I229   ,10,Subsequent ST elevation (STEMI) myocardial infarction of unspecified site,8
3207,I213   ,10,ST elevation (STEMI) myocardial infarction of unspecified site,156
9868,41082  ,9,"Acute myocardial infarction of other specified sites, subsequent episode of care",16
17679,41090  ,9,"Acute myocardial infarction of unspecified site, episode of care unspecified",3
8470,I236   ,10,"Thrombosis of atrium, auricular appendage, and ventricle as current complications following acute myocardial infarction",23
5402,I240   ,10,Acute coronary thrombosis not resulting in myocardial infarction,60
5922,I2129  ,10,ST elevation (STEMI) myocardial infarction involving other sites,51
3875,41001  ,9,"Acute myocardial infarction of anterolateral wall, initial episode of care",114
15522,I220   ,10,Subsequent ST elevation (STEMI) myocardial infarction of anterior wall,4
14629,I228   ,10,Subsequent ST elevation (STEMI) myocardial infarction of other sites,5
14630,I232   ,10,Ventricular septal defect as current complication following acute myocardial infarction,5
40,412    ,9,Old myocardial infarction,15355
10617,I219   ,10,"Acute myocardial infarction, unspecified",13
6959,41081  ,9,"Acute myocardial infarction of other specified sites, initial episode of care",36
11698,41002  ,9,"Acute myocardial infarction of anterolateral wall, subsequent episode of care",10
17719,41040  ,9,"Acute myocardial infarction of other inferior wall, episode of care unspecified",3
17720,41032  ,9,"Acute myocardial infarction of inferoposterior wall, subsequent episode of care",3
19641,I238   ,10,Other current complications following acute myocardial infarction,2
2362,41091  ,9,"Acute myocardial infarction of unspecified site, initial episode of care",264
4027,41021  ,9,"Acute myocardial infarction of inferolateral wall, initial episode of care",106
6458,41051  ,9,"Acute myocardial infarction of other lateral wall, initial episode of care",43
11450,I2121  ,10,ST elevation (STEMI) myocardial infarction involving left circumflex coronary artery,11
11452,I2101  ,10,ST elevation (STEMI) myocardial infarction involving left main coronary artery,11
26811,41052  ,9,"Acute myocardial infarction of other lateral wall, subsequent episode of care",1
2242,I2119  ,10,ST elevation (STEMI) myocardial infarction involving other coronary artery of inferior wall,287
1731,41041  ,9,"Acute myocardial infarction of other inferior wall, initial episode of care",428
3267,41092  ,9,"Acute myocardial infarction of unspecified site, subsequent episode of care",151
10823,41022  ,9,"Acute myocardial infarction of inferolateral wall, subsequent episode of care",12
74,I252   ,10,Old myocardial infarction,10278
4810,I222   ,10,Subsequent non-ST elevation (NSTEMI) myocardial infarction,77
5707,41042  ,9,"Acute myocardial infarction of other inferior wall, subsequent episode of care",55
8522,42979  ,9,"Certain sequelae of myocardial infarction, not elsewhere classified, other",23
8913,41181  ,9,Acute coronary occlusion without myocardial infarction,20
6738,4110   ,9,Postmyocardial infarction syndrome,39
2004,41011  ,9,"Acute myocardial infarction of other anterior wall, initial episode of care",350
17622,I235   ,10,Rupture of papillary muscle as current complication following acute myocardial infarction,3
12123,I221   ,10,Subsequent ST elevation (STEMI) myocardial infarction of inferior wall,9
5088,I2111  ,10,ST elevation (STEMI) myocardial infarction involving right coronary artery,68
2658,I2109  ,10,ST elevation (STEMI) myocardial infarction involving other coronary artery of anterior wall,214
6247,I2102  ,10,ST elevation (STEMI) myocardial infarction involving left anterior descending coronary artery,46
4328,41031  ,9,"Acute myocardial infarction of inferoposterior wall, initial episode of care",93
5868,41012  ,9,"Acute myocardial infarction of other anterior wall, subsequent episode of care",52
17779,41010  ,9,"Acute myocardial infarction of other anterior wall, episode of care unspecified",3
249,I214   ,10,Non-ST elevation (NSTEMI) myocardial infarction,3754
10618,I21A9  ,10,Other myocardial infarction type,13
