,icd_code,icd_version,long_title,count
16256,A427   ,10,Actinomycotic sepsis,4
769,R6520  ,10,Severe sepsis without septic shock,1226
3333,A4152  ,10,Sepsis due to Pseudomonas,146
6279,A4153  ,10,Sepsis due to Serratia,45
10631,A021   ,10,Salmonella sepsis,13
11156,P368   ,10,Other bacterial sepsis of newborn,11
1814,A4101  ,10,Sepsis due to Methicillin susceptible Staphylococcus aureus,403
2838,A4102  ,10,Sepsis due to Methicillin resistant Staphylococcus aureus,192
3224,A408   ,10,Other streptococcal sepsis,155
15126,O0337  ,10,Sepsis following incomplete spontaneous abortion,5
2076,A4181  ,10,Sepsis due to Enterococcus,329
15774,A5486  ,10,Gonococcal sepsis,4
12705,P360   ,10,"Sepsis of newborn due to streptococcus, group B",8
1058,A4151  ,10,Sepsis due to Escherichia coli [E. coli],849
13089,A412   ,10,Sepsis due to unspecified staphylococcus,7
170,99592  ,9,Severe sepsis,5291
24746,A227   ,10,Anthrax sepsis,1
18352,P3639  ,10,Sepsis of newborn due to other staphylococci,3
305,R6521  ,10,Severe sepsis with septic shock,3175
12210,A413   ,10,Sepsis due to Hemophilus influenzae,9
5811,A403   ,10,Sepsis due to Streptococcus pneumoniae,53
6453,A400   ,10,"Sepsis due to streptococcus, group A",43
18101,A327   ,10,Listerial sepsis,3
189,A419   ,10,"Sepsis, unspecified organism",4766
5953,A414   ,10,Sepsis due to anaerobes,51
8642,A409   ,10,"Streptococcal sepsis, unspecified",22
327,99591  ,9,Sepsis,2988
12871,67024  ,9,"Puerperal sepsis, postpartum condition or complication",8
2124,A4159  ,10,Other Gram-negative sepsis,315
4301,A4150  ,10,"Gram-negative sepsis, unspecified",94
3534,A411   ,10,Sepsis due to other specified staphylococcus,133
4820,A401   ,10,"Sepsis due to streptococcus, group B",76
24918,T8144XD,10,"Sepsis following a procedure, subsequent encounter",1
13528,P362   ,10,Sepsis of newborn due to Staphylococcus aureus,7
13529,P364   ,10,Sepsis of newborn due to Escherichia coli,7
20190,O8604  ,10,Sepsis following an obstetrical procedure,2
4575,T8144XA,10,"Sepsis following a procedure, initial encounter",84
5090,P369   ,10,"Bacterial sepsis of newborn, unspecified",68
10211,O85    ,10,Puerperal sepsis,15
11628,67022  ,9,"Puerperal sepsis, delivered, with mention of postpartum complication",10
17133,O0882  ,10,Sepsis following ectopic and molar pregnancy,3
20210,P3619  ,10,Sepsis of newborn due to other streptococci,2
2293,77181  ,9,Septicemia [sepsis] of newborn,277
4476,B377   ,10,Candidal sepsis,88
1406,A4189  ,10,Other specified sepsis,563
26495,P365   ,10,Sepsis of newborn due to anaerobes,1
