,selected,Table,itemid,counts,label,valueuom,ref_range_lower,ref_range_upper,fluid,category,medication,abbreviation,linksto,unitname,param_type,lownormalvalue,highnormalvalue
3898,1,labevents,50971.0,17951,Potassium,mEq/L,3.3,5.1,Blood,Chemistry,,,,,,,
3899,1,labevents,50931.0,17286,Glucose,mg/dL,60.0,110.0,Blood,Chemistry,,,,,,,
3900,1,labevents,50912.0,17200,Creatinine,mg/dL,0.0,0.7,Blood,Chemistry,,,,,,,
3901,1,labevents,51006.0,17190,Urea Nitrogen,mg/dL,6.0,20.0,Blood,Chemistry,,,,,,,
3902,1,labevents,51221.0,16776,Hematocrit,%,35.0,51.0,Blood,Hematology,,,,,,,
3903,1,labevents,51265.0,16314,Platelet Count,K/uL,150.0,400.0,Blood,Hematology,,,,,,,
3904,1,labevents,50893.0,16182,"Calcium, Total",mg/dL,8.4,10.3,Blood,Chemistry,,,,,,,
3905,1,labevents,51222.0,15841,Hemoglobin,g/dL,10.2,15.2,Blood,Hematology,,,,,,,
3906,1,labevents,51301.0,15711,White Blood Cells,K/uL,4.0,10.0,Blood,Hematology,,,,,,,
3907,1,labevents,50820.0,12269,pH,units,7.35,7.45,Blood,Blood Gas,,,,,,,
3908,1,labevents,50818.0,11707,pCO2,mm Hg,35.0,45.0,Blood,Blood Gas,,,,,,,
3909,1,labevents,50802.0,11706,Base Excess,mEq/L,,,Blood,Blood Gas,,,,,,,
3910,1,labevents,50813.0,8082,Lactate,mmol/L,0.5,2.0,Blood,Blood Gas,,,,,,,
3911,1,labevents,51003.0,1248,Troponin T,ng/mL,0.0,0.01,Blood,Chemistry,,,,,,,
3912,1,labevents,50889.0,192,C-Reactive Protein,mg/L,0.0,5.0,Blood,Chemistry,,,,,,,
3913,1,emar,,2391,,,,,,,NORepinephrine,,,,,,
3914,1,emar,,819,,,,,,,PHENYLEPHrine,,,,,,
3915,1,emar,,647,,,,,,,Norepinephrine,,,,,,
3916,1,emar,,186,,,,,,,EPINEPHrine,,,,,,
3917,1,emar,,111,,,,,,,DOBUTamine,,,,,,
3918,1,emar,,103,,,,,,,DOPamine,,,,,,
3919,1,chartevents,220045.0,143111,Heart Rate,,,,,Routine Vital Signs,,HR,chartevents,bpm,Numeric,,
3920,1,chartevents,220210.0,142316,Respiratory Rate,,,,,Respiratory,,RR,chartevents,insp/min,Numeric,,
3921,1,chartevents,220277.0,141210,O2 saturation pulseoxymetry,,,,,Respiratory,,SpO2,chartevents,%,Numeric,,
3922,1,chartevents,220181.0,81059,Non Invasive Blood Pressure mean,,,,,Routine Vital Signs,,NBPm,chartevents,mmHg,Numeric,,
3923,1,chartevents,220052.0,63174,Arterial Blood Pressure mean,,,,,Routine Vital Signs,,ABPm,chartevents,mmHg,Numeric,,
3924,1,chartevents,220739.0,29554,GCS - Eye Opening,,,,,Neurological,,Eye Opening,chartevents,,Text,,
3925,1,chartevents,223900.0,29459,GCS - Verbal Response,,,,,Neurological,,Verbal Response,chartevents,,Text,,
3926,1,chartevents,223901.0,29394,GCS - Motor Response,,,,,Neurological,,Motor Response,chartevents,,Text,,
3927,1,chartevents,227443.0,10503,HCO3 (serum),,,,,Labs,,HCO3 (serum),chartevents,None,Numeric with tag,,
3928,1,chartevents,224828.0,9010,Arterial Base Excess,,,,,Labs,,Arterial Base Excess,chartevents,None,Numeric,,
3929,1,chartevents,227465.0,6423,Prothrombin time,,,,,Labs,,PT,chartevents,None,Numeric with tag,,
3930,1,chartevents,220227.0,1797,Arterial O2 Saturation,,,,,Labs,,SaO2,chartevents,%,Numeric,,
3931,1,chartevents,227429.0,1003,Troponin-T,,,,,Labs,,Troponin-T,chartevents,None,Numeric with tag,,
