,selected,Table,itemid,counts,label,valueuom,ref_range_lower,ref_range_upper,fluid,category,medication,abbreviation,linksto,unitname,param_type,lownormalvalue,highnormalvalue
6,1,labevents,50902.0,79601,Chloride,mEq/L,96.0,108.0,Blood,Chemistry,,,,,,,
14,1,labevents,50931.0,78697,Glucose,mg/dL,60.0,110.0,Blood,Chemistry,,,,,,,
23,1,labevents,51006.0,78095,Urea Nitrogen,mg/dL,6.0,20.0,Blood,Chemistry,,,,,,,
61,1,labevents,51301.0,70515,White Blood Cells,K/uL,5.1,18.0,Blood,Hematology,,,,,,,
257,1,labevents,50910.0,4122,Creatine Kinase (CK),IU/L,29.0,201.0,Blood,Chemistry,,,,,,,
233,1,labevents,50911.0,5480,"Creatine Kinase, MB Isoenzyme",ng/mL,0.0,10.0,Blood,Chemistry,,,,,,,
52,1,labevents,51222.0,71281,Hemoglobin,g/dL,10.4,15.8,Blood,Hematology,,,,,,,
49,1,labevents,51265.0,71735,Platelet Count,,,,Blood,Hematology,,,,,,,
0,1,labevents,50971.0,80566,Potassium,mEq/L,3.3,5.1,Blood,Chemistry,,,,,,,
3,1,labevents,50983.0,80363,Sodium,mEq/L,133.0,145.0,Blood,Chemistry,,,,,,,
106,1,labevents,50813.0,43560,Lactate,mmol/L,0.5,2.0,Blood,Blood Gas,,,,,,,
194,1,labevents,51003.0,6807,Troponin T,ng/mL,0.0,0.01,Blood,Chemistry,,,,,,,
2822,1,chartevents,227429.0,5154,Troponin-T,,,,,Labs,,Troponin-T,chartevents,None,Numeric with tag,,
2289,1,chartevents,220180.0,368921,Non Invasive Blood Pressure diastolic,,,,,Routine Vital Signs,,NBPd,chartevents,mmHg,Numeric,,
2288,1,chartevents,220179.0,368934,Non Invasive Blood Pressure systolic,,,,,Routine Vital Signs,,NBPs,chartevents,mmHg,Numeric,,
2280,1,chartevents,220045.0,631935,Heart Rate,,,,,Routine Vital Signs,,HR,chartevents,bpm,Numeric,,
2281,1,chartevents,220210.0,627299,Respiratory Rate,,,,,Respiratory,,RR,chartevents,insp/min,Numeric,,
2282,1,chartevents,220277.0,619215,O2 saturation pulseoxymetry,,,,,Respiratory,,SpO2,chartevents,%,Numeric,,
